Player,G,GS,Int,Yds,IntTD,Lng,PD,FF,Fmb,FR,Yds.1,FRTD,Sk,Comb,Solo,Ast,TFL,QBHits,Sfty,Awards
a'shawn robinson,17.0,13.0,0.0,0.0,0.0,0.0,2.0,0.0,0.0,0.0,0.0,0.0,0.0,62.0,34.0,28.0,6.0,1.0,0.0,0.0
aaron donald,13.5,13.5,0.0,0.0,0.0,0.0,2.5,0.5,0.0,0.5,0.0,0.0,6.5,51.0,27.5,23.5,13.0,17.0,0.0,7.5
abdullah anderson,5.0,0.0,0.0,0.0,0.0,0.0,0.0,0.0,0.0,0.5,0.0,0.0,0.25,5.0,3.0,2.0,0.5,0.5,0.0,0.0
adam butler,17.0,0.5,0.0,0.0,0.0,0.0,3.5,0.5,0.0,0.0,0.0,0.0,3.5,22.5,12.5,10.0,5.0,7.0,0.0,0.0
adam gotsis,13.25,3.0,0.0,0.0,0.0,0.0,1.5,0.0,0.0,0.25,0.0,0.0,1.375,20.0,13.0,7.0,3.0,6.25,0.0,0.0
adetomiwa adebawore,13.0,0.0,0.0,0.0,0.0,0.0,0.0,0.0,0.0,0.0,0.0,0.0,1.25,6.0,4.5,1.5,2.0,3.0,0.0,0.0
adrian phillips,17.0,1.0,0.0,0.0,0.0,0.0,0.0,0.0,0.0,0.0,0.0,0.0,0.0,17.0,10.0,7.0,0.0,0.0,0.0,0.0
aidan hutchinson,11.0,11.0,0.5,3.0,0.0,3.0,3.5,2.0,0.0,1.0,0.0,0.0,9.5,35.0,24.0,11.0,10.5,25.0,0.0,3.0
aj epenesa,14.666666666666666,1.0,0.6666666666666666,12.666666666666666,0.3333333333333333,10.666666666666666,4.666666666666667,1.0,0.0,0.6666666666666666,0.0,0.0,4.833333333333333,16.666666666666668,10.0,6.666666666666667,5.333333333333333,9.666666666666666,0.0,0.0
akeem spence,4.0,0.0,0.0,0.0,0.0,0.0,0.0,0.0,0.0,0.0,0.0,0.0,0.0,5.5,2.0,3.5,0.0,0.0,0.0,0.0
akiem hicks,9.0,9.0,0.0,0.0,0.0,0.0,0.0,0.0,0.0,0.0,0.0,0.0,3.5,25.0,19.0,6.0,5.0,9.0,0.0,0.0
al woods,6.0,0.0,0.0,0.0,0.0,0.0,0.0,0.0,0.0,0.0,0.0,0.0,1.0,6.0,4.0,2.0,2.0,2.0,0.0,0.0
al-quadin muhammad,9.0,2.0,0.0,0.0,0.0,0.0,1.0,0.0,0.0,0.0,0.0,0.0,3.0,11.0,8.0,3.0,4.0,5.0,0.0,0.0
albert huggins,11.0,3.0,0.0,0.0,0.0,0.0,0.0,0.0,0.0,0.5,0.0,0.0,0.0,19.0,5.0,14.0,0.0,2.0,0.0,0.0
alex barrett,3.0,0.0,0.0,0.0,0.0,0.0,0.0,0.0,0.0,0.0,0.0,0.0,0.0,2.0,2.0,0.0,0.0,0.0,0.0,0.0
alex okafor,17.0,0.0,0.0,0.0,0.0,0.0,2.0,1.0,0.0,0.0,0.0,0.0,1.5,23.0,7.0,16.0,0.0,7.0,0.0,0.0
alex wright,12.333333333333334,2.0,0.0,0.0,0.0,0.0,2.3333333333333335,0.6666666666666666,0.0,0.6666666666666666,0.0,0.0,2.0,20.333333333333332,11.333333333333334,9.0,3.0,2.0,0.3333333333333333,0.0
alim mcneill,13.0,13.0,0.0,0.0,0.0,0.0,1.0,1.0,0.0,0.0,0.0,0.0,5.0,32.0,17.0,15.0,6.0,10.0,0.0,0.0
alton robinson,16.0,2.0,0.0,0.0,0.0,0.0,1.0,1.0,0.0,0.0,0.0,0.0,1.0,22.0,13.0,9.0,5.0,3.0,0.0,0.0
amani bledsoe,5.0,2.0,0.0,0.0,0.0,0.0,1.0,0.0,0.0,0.0,0.0,0.0,0.0,1.0,1.0,0.0,0.0,0.0,0.0,0.0
amare barno,9.0,0.0,0.0,0.0,0.0,0.0,0.0,0.0,0.0,0.0,0.0,0.0,2.0,9.0,8.0,1.0,2.0,2.0,0.0,0.0
andre carter ii,3.0,0.0,0.0,0.0,0.0,0.0,0.0,0.0,0.0,0.0,0.0,0.0,0.5,1.0,0.0,1.0,0.0,1.0,0.0,0.0
andre jones,8.0,1.0,0.0,0.0,0.0,0.0,1.5,0.0,0.0,0.0,0.0,0.0,0.0,2.5,1.0,1.5,0.0,0.0,0.0,0.0
andrew billings,17.0,17.0,0.0,0.0,0.0,0.0,0.0,0.0,0.0,0.0,0.0,0.0,0.0,27.0,12.0,15.0,3.0,2.0,0.0,0.0
andrew brown,3.5,0.0,0.0,0.0,0.0,0.0,0.0,0.0,0.0,0.0,0.0,0.0,0.0,1.0,1.0,0.0,0.0,0.0,0.0,0.0
angelo blackson,9.0,1.3333333333333333,0.0,0.0,0.0,0.0,0.3333333333333333,0.0,0.0,1.0,0.0,0.0,0.0,12.0,6.333333333333333,5.666666666666667,1.0,0.3333333333333333,0.0,0.0
anthony nelson,17.0,2.0,0.0,0.0,0.0,0.0,1.0,0.0,0.0,1.0,0.0,0.0,5.0,22.0,13.0,9.0,7.0,10.0,0.0,0.0
antwaun woods,7.0,0.0,0.0,0.0,0.0,0.0,0.0,0.0,0.0,0.0,0.0,0.0,0.0,5.0,2.0,3.0,0.0,0.0,0.0,0.0
arden key,17.0,1.5,0.0,0.0,0.0,0.0,1.5,0.0,0.0,0.5,0.0,0.0,5.5,24.5,13.5,11.0,5.0,16.0,0.0,0.0
arik armstead,17.0,1.0,0.0,0.0,0.0,0.0,3.0,0.0,0.0,0.0,0.0,0.0,2.0,29.0,21.0,8.0,3.0,7.0,0.0,0.0
armon watts,10.0,0.0,0.0,0.0,0.0,0.0,0.0,0.0,0.0,0.0,0.0,0.0,0.25,11.0,4.5,6.5,1.0,1.5,0.0,0.0
arron mosby,16.0,0.0,0.0,0.0,0.0,0.0,2.0,0.0,0.0,0.0,0.0,0.0,0.5,12.0,6.0,6.0,1.0,2.0,0.0,0.0
austin booker,17.0,0.0,0.0,0.0,0.0,0.0,0.0,0.0,0.0,0.0,0.0,0.0,1.5,21.0,14.0,7.0,3.0,4.0,0.0,0.0
austin bryant,5.5,0.0,0.0,0.0,0.0,0.0,0.5,0.0,0.0,0.0,0.0,0.0,0.0,5.0,3.5,1.5,0.5,1.5,0.0,0.0
austin faoliu,1.0,0.0,0.0,0.0,0.0,0.0,0.0,0.0,0.0,0.0,0.0,0.0,0.0,2.0,2.0,0.0,0.0,0.0,0.0,0.0
austin johnson,16.0,9.0,1.0,4.5,0.0,2.5,2.0,0.5,0.0,0.5,0.0,0.0,0.25,32.5,15.5,17.0,1.0,1.0,0.0,0.0
ben stille,6.0,0.3333333333333333,0.0,0.0,0.0,0.0,0.3333333333333333,0.0,0.0,0.3333333333333333,0.0,0.0,0.6666666666666666,5.666666666666667,2.3333333333333335,3.3333333333333335,0.3333333333333333,1.0,0.0,0.0
benito jones,17.0,7.5,0.0,0.0,0.0,0.0,1.0,0.0,0.0,0.0,0.0,0.0,1.25,21.0,10.5,10.5,1.5,5.0,0.0,0.0
benning potoa'e,1.3333333333333333,0.0,0.0,0.0,0.0,0.0,0.0,0.0,0.0,0.0,0.0,0.0,0.0,2.0,0.6666666666666666,1.3333333333333333,0.3333333333333333,0.0,0.0,0.0
bilal nichols,6.0,5.0,0.0,0.0,0.0,0.0,0.0,0.0,0.0,0.0,0.0,0.0,0.0,10.0,6.0,4.0,1.0,1.0,0.0,0.0
bj hill,16.5,9.5,1.0,0.0,0.0,0.0,2.5,0.0,0.0,0.5,0.0,0.0,5.0,50.5,27.5,23.0,4.0,16.5,0.0,0.0
bj thompson,1.0,0.0,0.0,0.0,0.0,0.0,0.0,0.0,0.0,0.0,0.0,0.0,0.0,2.0,2.0,0.0,0.0,0.0,0.0,0.0
bobby brown,9.5,0.5,0.0,0.0,0.0,0.0,0.0,0.0,0.0,0.0,0.0,0.0,0.0,4.5,2.5,2.0,0.5,0.0,0.0,0.0
boogie basham,11.5,0.0,0.5,10.5,0.0,10.5,1.0,0.0,0.0,0.5,0.5,0.0,2.25,18.5,10.0,8.5,2.5,4.0,0.0,0.0
bradlee anae,4.0,0.0,0.0,0.0,0.0,0.0,0.0,0.0,0.0,0.0,0.0,0.0,0.0,2.0,2.0,0.0,0.0,0.0,0.0,0.0
braiden mcgregor,7.0,0.0,0.0,0.0,0.0,0.0,0.0,0.0,0.0,0.0,0.0,0.0,0.0,6.0,3.0,3.0,0.0,0.0,0.0,0.0
brandin bryant,3.0,0.0,0.0,0.0,0.0,0.0,0.0,0.0,0.0,0.0,0.0,0.0,0.0,2.5,2.0,0.5,0.0,0.5,0.0,0.0
brandon dorlus,2.0,0.0,0.0,0.0,0.0,0.0,0.0,0.0,0.0,0.0,0.0,0.0,0.0,3.0,1.0,2.0,0.0,0.0,0.0,0.0
brandon graham,11.75,1.0,0.0,0.0,0.0,0.0,1.0,0.75,0.0,0.0,0.0,0.0,4.375,18.25,11.75,6.5,5.5,7.5,0.0,0.25
brandon pili,6.0,0.0,0.0,0.0,0.0,0.0,0.0,0.0,0.0,0.0,0.0,0.0,0.0,2.0,1.0,1.0,0.0,0.0,0.0,0.0
brandon williams,5.0,0.0,0.0,0.0,0.0,0.0,0.0,0.0,0.0,0.0,0.0,0.0,0.5,2.0,1.0,1.0,1.0,2.0,0.0,0.0
bravvion roy,15.0,3.0,0.5,1.5,0.0,1.5,2.5,0.0,0.0,0.0,0.0,0.0,0.0,23.5,8.5,15.0,0.5,1.5,0.0,0.0
braxton hoyett,1.0,0.0,0.0,0.0,0.0,0.0,0.0,0.0,0.0,0.0,0.0,0.0,0.0,4.0,2.0,2.0,1.0,0.0,0.0,0.0
breiden fehoko,8.5,2.0,0.0,0.0,0.0,0.0,0.0,0.0,0.0,0.0,0.0,0.0,0.0,18.0,7.5,10.5,0.5,0.0,0.0,0.0
brent urban,13.0,1.75,0.0,0.0,0.0,0.0,2.0,0.0,0.0,0.25,0.0,0.0,1.0,16.5,8.75,7.75,1.75,1.75,0.0,0.0
brenton cox,7.0,0.0,0.0,0.0,0.0,0.0,0.0,1.0,0.0,0.0,0.0,0.0,4.0,12.0,8.0,4.0,5.0,7.0,0.0,0.0
broderick washington jr,15.0,4.0,0.0,0.0,0.0,0.0,0.6666666666666666,0.3333333333333333,0.0,0.6666666666666666,0.0,0.0,1.6666666666666667,18.333333333333332,9.0,9.333333333333334,2.0,3.3333333333333335,0.0,0.0
brodric martin,2.5,0.5,0.0,0.0,0.0,0.0,0.0,0.0,0.0,0.0,0.0,0.0,0.0,2.0,0.5,1.5,0.0,0.0,0.0,0.0
bruce hector,3.6666666666666665,0.0,0.0,0.0,0.0,0.0,0.0,0.0,0.0,0.0,0.0,0.0,0.3333333333333333,6.333333333333333,3.0,3.3333333333333335,1.3333333333333333,0.3333333333333333,0.0,0.0
bryan bresee,17.0,5.5,0.0,0.0,0.0,0.0,4.5,0.5,0.0,0.0,0.0,0.0,6.0,24.5,14.5,10.0,7.0,11.5,0.0,0.0
bryan mone,13.0,3.0,0.0,0.0,0.0,0.0,1.0,0.0,0.0,0.0,0.0,0.0,0.0,25.0,15.0,10.0,2.0,1.0,0.0,0.0
bryce huff,13.0,3.0,0.0,0.0,0.0,0.0,0.5,1.0,0.0,0.0,0.0,0.0,3.0,9.5,4.5,5.0,2.5,7.0,0.0,0.0
bunmi rotimi,9.0,1.0,0.0,0.0,0.0,0.0,0.0,0.0,0.0,0.0,0.0,0.0,1.0,10.0,5.0,5.0,1.0,1.0,0.0,0.0
byron cowart,16.0,3.5,0.0,0.0,0.0,0.0,0.0,0.0,0.0,0.0,0.0,0.0,1.25,19.0,9.0,10.0,3.5,2.0,0.0,0.0
byron young,6.0,0.0,0.0,0.0,0.0,0.0,0.0,0.0,0.0,0.0,0.0,0.0,0.0,4.0,4.0,0.0,0.0,0.0,0.0,0.0
calais campbell,15.5,15.5,0.0,0.0,0.0,0.0,1.5,1.5,0.0,0.5,0.0,0.0,6.0,46.0,25.0,21.0,7.0,15.5,0.5,0.0
calijah kancey,14.0,14.0,0.0,0.0,0.0,0.0,1.0,0.0,0.0,0.0,0.0,0.0,4.0,26.0,19.0,7.0,10.0,12.0,0.0,2.0
cameron heyward,15.0,15.0,0.3333333333333333,0.0,0.0,0.0,4.666666666666667,0.6666666666666666,0.0,0.6666666666666666,0.0,0.0,7.5,65.33333333333333,39.0,26.333333333333332,11.666666666666666,14.333333333333334,0.0,4.666666666666667
cameron jordan,17.0,17.0,0.0,0.0,0.0,0.0,3.0,0.0,0.0,1.0,0.0,0.0,2.0,43.0,20.0,23.0,3.0,6.0,0.0,0.0
cameron malveaux,3.0,0.0,0.0,0.0,0.0,0.0,0.0,0.0,0.0,0.0,0.0,0.0,0.0,3.0,0.0,3.0,0.0,2.0,0.0,0.0
cameron sample,15.666666666666666,1.0,0.0,0.0,0.0,0.0,0.3333333333333333,0.0,0.0,0.0,0.0,0.0,1.6666666666666667,22.666666666666668,14.666666666666666,8.0,2.0,6.666666666666667,0.0,0.0
cameron thomas,5.0,0.0,0.0,0.0,0.0,0.0,0.0,0.0,0.0,0.0,0.0,0.0,1.0,11.0,6.0,5.0,4.0,1.0,0.0,0.0
cameron young,16.0,1.0,0.0,0.0,0.0,0.0,1.0,0.0,0.0,0.0,0.0,0.0,0.0,18.0,10.0,8.0,1.0,1.0,0.0,0.0
carl davis,12.0,2.0,0.0,0.0,0.0,0.0,0.0,0.0,0.0,0.3333333333333333,5.666666666666667,0.0,0.6666666666666666,11.0,5.333333333333333,5.666666666666667,0.6666666666666666,0.6666666666666666,0.0,0.0
carl granderson,16.0,8.0,0.0,0.0,0.0,0.0,0.3333333333333333,0.6666666666666666,0.0,0.6666666666666666,0.0,0.0,5.666666666666667,52.0,28.333333333333332,23.666666666666668,9.333333333333334,12.333333333333334,0.0,0.0
carl lawson,10.5,1.5,0.0,0.0,0.0,0.0,0.0,0.5,0.0,0.0,0.0,0.0,2.5,10.0,4.5,5.5,2.0,7.5,0.0,0.0
carl nassib,13.0,0.5,0.0,0.0,0.0,0.0,1.5,0.5,0.0,0.5,0.0,0.0,2.5,22.0,15.5,6.5,4.5,5.0,0.0,0.0
carlos davis,4.0,0.0,0.0,0.0,0.0,0.0,0.0,0.0,0.0,0.0,0.0,0.0,0.0,5.0,3.0,2.0,1.0,0.0,0.0,0.0
carlos dunlap,17.0,2.0,0.0,0.0,0.0,0.0,7.5,1.0,0.0,0.0,0.0,0.0,6.25,37.0,24.5,12.5,7.0,13.0,0.0,0.0
carlos watkins,9.666666666666666,1.6666666666666667,0.0,0.0,0.0,0.0,0.3333333333333333,0.3333333333333333,0.0,0.0,0.0,0.0,0.3333333333333333,15.0,7.0,8.0,1.0,0.3333333333333333,0.0,0.0
casey toohill,15.333333333333334,3.0,0.0,0.0,0.0,0.0,0.6666666666666666,0.0,0.0,1.3333333333333333,0.3333333333333333,0.3333333333333333,2.3333333333333335,23.666666666666668,13.0,10.666666666666666,3.3333333333333335,4.666666666666667,0.0,0.0
cassius marsh,4.0,0.0,0.0,0.0,0.0,0.0,0.0,0.0,0.0,0.0,0.0,0.0,1.0,6.0,4.0,2.0,0.0,2.0,0.0,0.0
cedric johnson,9.0,0.0,0.0,0.0,0.0,0.0,0.0,0.0,0.0,0.0,0.0,0.0,1.0,7.0,5.0,2.0,1.0,4.0,0.0,0.0
charles harris,9.5,3.5,0.0,0.0,0.0,0.0,0.5,0.5,0.0,0.0,0.0,0.0,1.25,13.5,10.0,3.5,2.0,4.5,0.0,0.0
charles omenihu,12.25,1.75,0.0,0.0,0.0,0.0,1.0,1.0,0.0,0.0,0.0,0.0,3.125,17.75,10.75,7.0,2.25,8.0,0.0,0.0
chase winovich,5.5,1.0,0.0,0.0,0.0,0.0,0.5,0.0,0.0,0.0,0.0,0.0,0.5,11.0,7.5,3.5,0.5,1.5,0.0,0.0
chase young,12.0,2.6666666666666665,0.0,0.0,0.0,0.0,2.0,0.3333333333333333,0.0,0.0,0.0,0.0,4.333333333333333,20.333333333333332,13.666666666666666,6.666666666666667,5.0,12.333333333333334,0.0,0.0
chauncey golston,17.0,3.0,0.0,0.0,0.0,0.0,0.0,1.0,0.0,0.0,0.0,0.0,1.5,25.0,11.0,14.0,1.0,3.0,0.0,0.0
chauncey rivers,4.0,0.0,0.0,0.0,0.0,0.0,0.0,0.0,0.0,0.0,0.0,0.0,0.0,2.0,2.0,0.0,0.0,0.0,0.0,0.0
chris jones,16.0,16.0,0.0,0.0,0.0,0.0,4.0,0.0,0.0,0.0,0.0,0.0,10.5,30.0,20.0,10.0,13.0,29.0,0.0,8.0
chris smith,4.5,0.0,0.0,0.0,0.0,0.0,0.0,0.0,0.0,0.0,0.0,0.0,0.75,5.0,2.0,3.0,0.5,2.0,0.0,0.0
chris williams,10.0,0.3333333333333333,0.0,0.0,0.0,0.0,0.0,0.0,0.0,0.0,0.0,0.0,1.0,9.666666666666666,6.666666666666667,3.0,1.0,2.6666666666666665,0.0,0.0
chris wormley,6.666666666666667,0.3333333333333333,0.0,0.0,0.0,0.0,0.0,0.3333333333333333,0.0,0.3333333333333333,0.0,0.0,0.16666666666666666,12.333333333333334,5.0,7.333333333333333,1.0,0.3333333333333333,0.0,0.0
christian barmore,12.0,2.75,0.0,0.0,0.0,0.0,2.25,0.25,0.0,0.0,0.0,0.0,3.375,34.75,20.0,14.75,4.75,8.25,0.0,0.0
christian covington,10.0,1.5,0.0,0.0,0.0,0.0,0.0,0.5,0.0,0.0,0.0,0.0,0.5,32.0,16.5,15.5,2.0,0.5,0.0,0.0
christian ringo,8.0,2.0,0.0,0.0,0.0,0.0,0.0,0.5,0.0,0.5,0.0,0.0,0.0,13.5,6.0,7.5,1.0,1.5,0.0,0.0
christian wilkins,5.0,5.0,0.0,0.0,0.0,0.0,0.0,0.0,0.0,0.0,0.0,0.0,2.0,17.0,11.0,6.0,2.0,6.0,0.0,0.0
christopher hinton,3.0,0.0,0.0,0.0,0.0,0.0,0.0,0.0,0.0,0.0,0.0,0.0,0.0,10.0,4.0,6.0,0.0,0.0,0.0,0.0
cj brewer,7.0,0.0,0.0,0.0,0.0,0.0,1.0,0.0,0.0,0.0,0.0,0.0,1.0,7.0,4.5,2.5,1.5,1.5,0.0,0.0
clelin ferrell,16.333333333333332,7.0,0.0,0.0,0.0,0.0,1.3333333333333333,0.3333333333333333,0.0,0.3333333333333333,0.0,0.0,2.3333333333333335,22.666666666666668,10.333333333333334,12.333333333333334,3.3333333333333335,9.0,0.0,0.0
colby wooden,15.0,0.5,0.0,0.0,0.0,0.0,1.0,0.0,0.0,0.0,0.0,0.0,0.25,18.5,9.5,9.0,1.5,2.0,0.0,0.0
cory durden,4.0,0.0,0.0,0.0,0.0,0.0,0.0,0.0,0.0,0.0,0.0,0.0,0.0,3.0,1.0,2.0,0.0,0.0,0.0,0.0
da'shawn hand,12.0,0.6666666666666666,0.0,0.0,0.0,0.0,1.3333333333333333,0.3333333333333333,0.0,0.3333333333333333,0.0,0.0,0.6666666666666666,16.666666666666668,9.0,7.666666666666667,2.0,2.3333333333333335,0.0,0.0
dalvin tomlinson,16.0,16.0,0.0,0.0,0.0,0.0,0.0,0.0,0.0,0.0,0.0,0.0,3.0,28.0,12.0,16.0,4.0,12.0,0.0,0.0
damarcus mitchell,16.0,0.0,0.0,0.0,0.0,0.0,0.0,0.0,0.0,0.0,0.0,0.0,0.0,8.0,3.0,5.0,0.0,0.0,0.0,0.0
damion square,8.0,1.0,0.0,0.0,0.0,0.0,0.0,0.0,0.0,0.0,0.0,0.0,0.5,9.0,3.0,6.0,0.0,3.0,0.0,0.0
daniel archibong,2.0,0.0,0.0,0.0,0.0,0.0,0.0,0.0,0.0,0.0,0.0,0.0,0.0,2.0,0.0,2.0,0.0,0.0,0.0,0.0
daniel ekuale,8.333333333333334,0.0,0.0,0.0,0.0,0.0,0.3333333333333333,0.3333333333333333,0.0,0.0,0.0,0.0,1.3333333333333333,7.333333333333333,5.333333333333333,2.0,1.3333333333333333,1.6666666666666667,0.0,0.0
daniel hardy,17.0,0.0,0.0,0.0,0.0,0.0,0.0,1.0,0.0,0.0,0.0,0.0,0.0,12.0,7.0,5.0,0.0,0.0,0.0,0.0
daniel wise,8.5,1.0,0.0,0.0,0.0,0.0,0.0,0.0,0.0,0.0,0.0,0.0,0.0,5.5,2.5,3.0,0.5,0.5,0.0,0.0
dante fowler,17.0,0.0,0.0,0.0,0.0,0.0,2.5,1.5,0.0,0.0,0.0,0.0,5.0,20.0,15.0,5.0,6.0,8.0,0.0,0.0
dante stills,15.5,9.0,0.0,0.0,0.0,0.0,0.5,0.5,0.0,0.5,0.0,0.0,4.0,44.5,19.0,25.5,4.5,5.5,0.0,0.0
daquan jones,7.0,7.0,0.0,0.0,0.0,0.0,0.0,0.0,0.0,0.0,0.0,0.0,2.5,16.0,8.0,8.0,4.0,5.0,0.0,0.0
darius philon,11.0,2.0,0.0,0.0,0.0,0.0,2.0,0.0,0.0,2.0,2.0,0.0,2.0,27.0,19.0,8.0,5.0,2.0,0.0,0.0
darius robinson,6.0,0.0,0.0,0.0,0.0,0.0,0.0,0.0,0.0,0.0,0.0,0.0,1.0,10.0,4.0,6.0,1.0,1.0,0.0,0.0
daron payne,17.0,17.0,0.0,0.0,0.0,0.0,4.0,2.0,0.0,2.0,0.0,0.0,4.0,53.0,32.0,21.0,13.0,11.0,0.0,0.0
darrell taylor,16.0,0.0,0.0,0.0,0.0,0.0,2.0,2.0,0.0,0.0,0.0,0.0,3.0,32.0,20.0,12.0,3.0,9.0,0.0,0.0
darryl johnson,3.5,0.5,0.0,0.0,0.0,0.0,0.0,0.0,0.0,0.0,0.0,0.0,0.0,2.5,1.0,1.5,0.5,0.0,0.0,0.0
david bada,2.0,0.0,0.0,0.0,0.0,0.0,0.0,0.0,0.0,0.0,0.0,0.0,0.0,2.0,0.0,2.0,0.0,0.0,0.0,0.0
david moa,3.0,0.5,0.0,0.0,0.0,0.0,0.0,0.0,0.0,0.0,0.0,0.0,0.0,2.5,1.5,1.0,0.0,0.0,0.0,0.0
david onyemata,14.0,14.0,0.0,0.0,0.0,0.0,3.0,2.0,0.0,0.0,0.0,0.0,4.0,50.0,25.0,25.0,6.0,16.0,0.0,0.0
daviyon nixon,7.0,0.0,0.0,0.0,0.0,0.0,0.0,0.0,0.0,0.0,0.0,0.0,0.25,7.5,2.0,5.5,0.0,1.0,0.0,0.0
davon godchaux,17.0,17.0,0.0,0.0,0.0,0.0,0.0,0.0,0.0,1.0,0.0,0.0,0.0,56.0,24.0,32.0,2.0,1.0,0.0,0.0
davon hamilton,8.0,2.0,0.0,0.0,0.0,0.0,0.0,0.0,0.0,0.0,0.0,0.0,0.0,12.0,7.0,5.0,1.0,0.0,0.0,0.0
dawuane smoot,13.0,2.0,0.0,0.0,0.0,0.0,1.5,1.5,0.0,0.5,0.0,0.0,3.25,18.5,13.0,5.5,5.5,8.0,0.0,0.0
dayo odeyingbo,14.666666666666666,1.6666666666666667,0.0,0.0,0.0,0.0,0.6666666666666666,1.0,0.0,0.6666666666666666,0.0,0.0,4.5,25.0,15.0,10.0,4.666666666666667,9.666666666666666,0.0,0.0
deadrin senat,12.0,0.0,0.0,0.0,0.0,0.0,0.0,0.0,0.0,0.0,0.0,0.0,1.0,17.0,10.0,7.0,2.0,2.0,0.0,0.0
dean lowry,10.5,2.5,0.0,0.0,0.0,0.0,1.0,0.0,0.0,0.5,0.0,0.0,0.5,9.5,2.5,7.0,0.0,0.5,0.0,0.0
deatrich wise jr,15.5,9.0,0.0,0.0,0.0,0.0,2.0,0.5,0.0,0.0,0.0,0.0,4.75,41.5,19.0,22.5,4.0,7.0,0.0,0.0
deforest buckner,15.333333333333334,14.333333333333334,0.0,0.0,0.0,0.0,3.6666666666666665,1.3333333333333333,0.0,0.6666666666666666,8.666666666666666,0.3333333333333333,7.5,72.0,37.666666666666664,34.333333333333336,10.0,19.0,0.0,2.0
demarcus lawrence,10.5,10.5,0.0,0.0,0.0,0.0,3.0,1.0,0.0,0.0,0.0,0.0,3.5,32.0,18.0,14.0,7.0,6.5,0.0,3.0
demarcus walker,15.666666666666666,6.666666666666667,0.0,0.0,0.0,0.0,0.3333333333333333,0.3333333333333333,0.0,0.0,0.0,0.0,4.166666666666667,31.0,20.333333333333332,10.666666666666666,7.666666666666667,13.0,0.0,0.0
demarvin leal,9.333333333333334,2.0,0.0,0.0,0.0,0.0,1.3333333333333333,0.0,0.0,0.0,0.0,0.0,0.3333333333333333,11.0,6.666666666666667,4.333333333333333,1.0,1.0,0.0,0.0
demone harris,6.0,0.0,0.0,0.0,0.0,0.0,1.0,0.0,0.0,0.0,0.0,0.0,0.0,7.5,2.0,5.5,0.5,1.0,0.0,0.0
denico autry,11.0,5.0,0.0,0.0,0.0,0.0,3.5,1.0,0.0,0.0,0.0,0.0,5.5,20.0,12.5,7.5,5.5,12.5,0.0,0.0
derek barnett,15.0,2.5,0.0,0.0,0.0,0.0,0.5,1.0,0.0,1.0,32.0,1.0,3.75,24.0,13.5,10.5,6.5,9.0,0.0,0.0
derek rivers,5.0,1.0,0.0,0.0,0.0,0.0,0.0,0.0,0.0,0.0,0.0,0.0,1.0,9.0,7.0,2.0,2.0,1.0,0.0,0.0
derick roberson,5.0,0.0,0.0,0.0,0.0,0.0,0.0,0.0,0.0,0.0,0.0,0.0,1.5,11.0,6.0,5.0,3.0,4.0,0.0,0.0
derrek tuszka,15.0,0.0,0.0,0.0,0.0,0.0,0.0,1.0,0.0,0.0,0.0,0.0,2.0,18.0,9.0,9.0,1.0,2.0,0.0,0.0
derrick brown,9.0,9.0,0.5,1.0,0.0,1.0,3.0,0.0,0.0,0.0,0.0,0.0,1.0,53.0,29.0,24.0,3.5,7.5,0.0,3.0
derrick nnadi,17.0,9.0,0.0,0.0,0.0,0.0,0.5,0.0,0.0,0.0,0.0,0.0,0.5,20.0,9.5,10.5,0.5,0.5,0.0,0.0
deshawn williams,14.0,5.5,0.0,0.0,0.0,0.0,0.5,0.0,0.0,0.0,0.0,0.0,0.75,24.5,10.5,14.0,1.0,5.5,0.0,0.0
desjuan johnson,10.5,0.0,0.0,0.0,0.0,0.0,0.0,0.5,0.0,0.0,0.0,0.0,1.5,10.5,4.5,6.0,1.5,1.5,0.0,0.0
devonte wyatt,15.666666666666666,1.6666666666666667,0.0,0.0,0.0,0.0,0.3333333333333333,0.3333333333333333,0.0,1.0,0.0,0.0,4.0,24.666666666666668,14.333333333333334,10.333333333333334,5.0,7.666666666666667,0.0,0.0
dewayne carter,11.0,3.0,0.0,0.0,0.0,0.0,1.0,0.0,0.0,0.0,0.0,0.0,0.0,14.0,11.0,3.0,5.0,3.0,0.0,0.0
dexter lawrence,16.0,16.0,0.0,0.0,0.0,0.0,2.0,0.0,0.0,0.0,0.0,0.0,4.5,53.0,32.0,21.0,7.0,21.0,0.0,13.0
dj coleman,1.0,0.0,0.0,0.0,0.0,0.0,0.0,0.0,0.0,0.0,0.0,0.0,0.0,3.0,1.0,2.0,0.0,0.0,0.0,0.0
dj davidson,10.666666666666666,1.3333333333333333,0.0,0.0,0.0,0.0,0.6666666666666666,0.0,0.0,0.6666666666666666,0.0,0.0,0.8333333333333334,13.333333333333334,6.666666666666667,6.666666666666667,1.0,1.0,0.0,0.0
dj jones,16.0,16.0,0.0,0.0,0.0,0.0,0.0,3.0,0.0,2.0,14.0,0.0,2.0,46.0,30.0,16.0,5.0,4.0,0.0,0.0
dj reader,14.0,14.0,0.0,0.0,0.0,0.0,1.0,0.0,0.0,1.0,0.0,0.0,1.0,34.0,20.0,14.0,2.0,7.0,0.0,0.0
domenique davis,2.0,0.0,0.0,0.0,0.0,0.0,0.0,0.0,0.0,0.0,0.0,0.0,0.0,3.0,0.0,3.0,0.0,0.0,0.0,0.0
dominique robinson,8.5,0.5,0.0,0.0,0.0,0.0,0.5,0.0,0.0,0.0,0.0,0.0,0.25,9.5,4.5,5.0,0.5,1.0,0.0,0.0
donovan jeter,1.0,0.0,0.0,0.0,0.0,0.0,0.0,0.0,0.0,0.0,0.0,0.0,0.0,1.0,1.0,0.0,0.0,0.0,0.0,0.0
dorance armstrong jr,17.0,1.0,0.0,0.0,0.0,0.0,1.0,0.0,0.0,0.0,0.0,0.0,7.5,38.0,20.0,18.0,7.0,12.0,0.0,0.0
doug costin,1.0,0.0,0.0,0.0,0.0,0.0,0.0,0.0,0.0,0.0,0.0,0.0,0.0,1.0,1.0,0.0,0.0,0.0,0.0,0.0
drake jackson,11.5,0.0,0.5,0.0,0.0,0.0,4.5,0.0,0.0,0.0,0.0,0.0,3.0,10.5,6.0,4.5,2.5,4.5,0.0,0.0
dre'mont jones,17.0,16.0,0.0,0.0,0.0,0.0,0.0,0.0,0.0,0.0,0.0,0.0,4.5,49.0,26.0,23.0,5.0,12.0,0.0,0.0
dylan horton,11.5,0.0,0.0,0.0,0.0,0.0,0.5,0.0,0.0,0.5,0.0,0.0,0.0,14.5,7.0,7.5,1.0,2.0,0.0,0.0
earnest brown iv,6.0,1.5,0.0,0.0,0.0,0.0,0.0,0.0,0.0,0.0,0.0,0.0,0.0,7.0,2.5,4.5,0.5,0.0,0.0,0.0
ed oliver,16.0,16.0,1.0,0.0,0.0,0.0,3.0,1.0,0.0,0.0,0.0,0.0,9.5,51.0,34.0,17.0,14.0,16.0,0.0,0.0
efe obada,9.5,0.5,0.0,0.0,0.0,0.0,0.75,0.0,0.0,0.0,0.0,0.0,1.875,10.5,6.25,4.25,1.75,4.0,0.0,0.0
elerson smith,5.0,0.0,0.0,0.0,0.0,0.0,0.0,0.5,0.0,0.0,0.0,0.0,0.0,5.0,1.5,3.5,0.0,1.0,0.0,0.0
eli ankou,3.0,0.3333333333333333,0.0,0.0,0.0,0.0,0.0,0.0,0.0,0.0,0.0,0.0,0.3333333333333333,6.0,2.0,4.0,0.3333333333333333,0.3333333333333333,0.0,0.0
elijah chatman,17.0,3.0,0.0,0.0,0.0,0.0,0.0,0.0,0.0,1.0,0.0,0.0,1.0,21.0,11.0,10.0,2.0,3.0,0.0,0.0
elijah garcia,3.3333333333333335,1.0,0.0,0.0,0.0,0.0,0.0,0.3333333333333333,0.0,0.3333333333333333,0.0,0.0,0.3333333333333333,6.333333333333333,2.3333333333333335,4.0,0.6666666666666666,0.6666666666666666,0.0,0.0
emmanuel ogbah,9.0,3.0,0.0,0.0,0.0,0.0,0.0,0.0,0.0,0.0,0.0,0.0,1.0,11.0,7.0,4.0,1.0,7.0,0.0,0.0
eric banks,2.0,0.0,0.0,0.0,0.0,0.0,0.0,0.0,0.0,0.0,0.0,0.0,0.0,1.3333333333333333,0.6666666666666666,0.6666666666666666,0.0,0.0,0.0,0.0
eric johnson,13.0,0.0,0.0,0.0,0.0,0.0,0.0,0.0,0.0,0.3333333333333333,0.0,0.0,0.3333333333333333,11.666666666666666,3.0,8.666666666666666,0.3333333333333333,1.0,0.0,0.0
eric watts,14.0,0.0,0.0,0.0,0.0,0.0,0.0,0.0,0.0,0.0,0.0,0.0,0.0,13.0,7.0,6.0,0.0,0.0,0.0,0.0
esezi otomewo,4.5,1.0,0.0,0.0,0.0,0.0,0.0,0.0,0.0,0.5,0.0,0.0,0.25,4.5,1.5,3.0,0.5,1.0,0.0,0.0
ethan westbrooks,1.0,0.0,0.0,0.0,0.0,0.0,0.0,0.0,0.0,0.0,0.0,0.0,0.0,1.0,1.0,0.0,0.0,0.0,0.0,0.0
evan anderson,12.0,1.0,0.0,0.0,0.0,0.0,0.0,1.0,0.0,1.0,0.0,0.0,1.0,24.0,13.0,11.0,2.0,2.0,0.0,0.0
eyioma uwazurike,6.0,0.0,0.0,0.0,0.0,0.0,0.5,0.0,0.0,0.0,0.0,0.0,0.25,14.0,7.0,7.0,0.0,1.5,0.0,0.0
felix anudike-uzomah,17.0,1.5,0.0,0.0,0.0,0.0,0.0,1.0,0.0,0.5,0.0,0.0,1.5,20.5,12.0,8.5,4.0,7.0,0.0,0.0
forrest merrill,4.0,0.0,0.0,0.0,0.0,0.0,0.0,0.0,0.0,0.0,0.0,0.0,0.0,4.0,2.0,2.0,0.0,0.0,0.0,0.0
frank clark,8.0,0.0,0.0,0.0,0.0,0.0,0.0,0.0,0.0,0.0,0.0,0.0,0.0,8.0,4.0,4.0,0.0,0.0,0.0,0.0
frank herron,1.0,0.0,0.0,0.0,0.0,0.0,0.0,0.0,0.0,0.0,0.0,0.0,0.0,1.0,1.0,0.0,0.0,0.0,0.0,0.0
freedom akinmoladun,1.0,0.0,0.0,0.0,0.0,0.0,0.0,0.0,0.0,0.0,0.0,0.0,0.0,2.0,2.0,0.0,0.0,0.0,0.0,0.0
george karlaftis iii,16.0,16.0,0.0,0.0,0.0,0.0,3.0,1.0,0.0,0.0,0.0,0.0,10.5,47.0,29.0,18.0,7.0,17.0,0.0,0.0
gervon dexter,17.0,1.0,0.0,0.0,0.0,0.0,2.0,0.0,0.0,0.0,0.0,0.0,2.5,20.0,13.0,7.0,0.0,12.0,0.0,0.0
grady jarrett,8.0,8.0,0.0,0.0,0.0,0.0,2.0,0.0,0.0,0.0,0.0,0.0,1.5,23.0,9.0,14.0,2.0,8.0,0.0,0.0
greg gaines,16.0,2.5,0.0,0.0,0.0,0.0,0.0,0.0,0.0,0.5,0.0,0.0,1.0,20.5,7.0,13.5,1.0,4.5,0.0,0.0
gregory rousseau,16.0,16.0,0.0,0.0,0.0,0.0,4.0,1.0,0.0,1.0,0.0,0.0,5.0,42.0,30.0,12.0,12.0,18.0,0.0,0.0
grover stewart,11.0,11.0,0.0,0.0,0.0,0.0,0.0,0.0,0.0,0.0,0.0,0.0,0.5,41.0,23.0,18.0,5.0,8.0,0.0,0.0
harrison phillips,17.0,17.0,0.0,0.0,0.0,0.0,2.0,0.0,0.0,0.0,0.0,0.0,3.0,92.0,44.0,48.0,2.0,6.0,0.0,0.0
harvey langi,7.0,1.0,0.0,0.0,0.0,0.0,0.0,0.0,0.0,0.0,0.0,0.0,0.0,3.0,1.0,2.0,0.0,0.0,0.0,0.0
hassan ridgeway,10.0,1.0,0.0,0.0,0.0,0.0,0.0,0.5,0.0,0.0,0.0,0.0,1.0,13.0,5.5,7.5,0.5,2.5,0.0,0.0
henry anderson,7.5,0.0,0.0,0.0,0.0,0.0,0.0,0.0,0.0,0.0,0.0,0.0,0.0,10.5,6.0,4.5,1.5,0.5,0.0,0.0
henry mondeaux,13.0,3.0,0.0,0.0,0.0,0.0,0.0,0.0,0.0,0.5,0.0,0.0,1.0,16.0,5.5,10.5,1.5,1.0,0.0,0.0
ifeadi odenigbo,11.5,0.0,0.0,0.0,0.0,0.0,0.0,0.0,0.0,0.5,0.0,0.0,1.75,15.5,8.0,7.5,2.0,4.5,0.0,0.0
isaac rochell,8.666666666666666,0.6666666666666666,0.0,0.0,0.0,0.0,0.0,0.0,0.0,0.0,0.0,0.0,0.0,13.0,9.333333333333334,3.6666666666666665,1.0,1.6666666666666667,0.0,0.0
isaac ukwu,2.0,1.0,0.0,0.0,0.0,0.0,0.0,0.0,0.0,0.0,0.0,0.0,0.0,3.0,2.0,1.0,0.0,0.0,0.0,0.0
isaiah buggs,10.0,3.0,0.0,0.0,0.0,0.0,1.0,0.0,0.0,1.0,33.0,0.0,1.0,12.0,7.0,5.0,2.0,1.0,0.0,0.0
isaiah foskey,13.5,0.0,0.0,0.0,0.0,0.0,0.5,0.0,0.0,0.0,0.0,0.0,0.0,12.5,4.5,8.0,0.0,0.0,0.0,0.0
isaiah land,10.0,0.0,0.0,0.0,0.0,0.0,0.0,0.0,0.0,0.0,0.0,0.0,0.0,1.0,1.0,0.0,1.0,1.0,0.0,0.0
isaiah mack,2.0,0.0,0.0,0.0,0.0,0.0,0.0,0.0,0.0,0.0,0.0,0.0,1.0,3.0,1.0,2.0,1.0,1.0,0.0,0.0
isaiah mcguire,10.0,2.0,0.0,0.0,0.0,0.0,0.0,1.5,0.0,0.0,0.0,0.0,1.75,21.0,11.5,9.5,5.0,5.5,0.0,0.0
isaiah thomas,6.0,0.0,0.0,0.0,0.0,0.0,1.0,0.0,0.0,1.0,0.0,0.0,0.5,6.0,2.0,4.0,0.5,1.0,0.0,0.0
isaiahh loudermilk,14.5,1.25,0.0,0.0,0.0,0.0,1.5,0.0,0.0,0.0,0.0,0.0,0.25,15.75,9.5,6.25,0.25,0.25,0.0,0.0
jabaal sheard,1.0,0.0,0.0,0.0,0.0,0.0,0.0,0.0,0.0,0.0,0.0,0.0,0.0,1.0,0.0,1.0,0.0,0.0,0.0,0.0
jabari zuniga,2.0,0.0,0.0,0.0,0.0,0.0,0.0,0.5,0.0,0.0,0.0,0.0,0.5,2.5,1.5,1.0,0.0,0.5,0.0,0.0
jack heflin,2.5,0.0,0.0,0.0,0.0,0.0,0.0,0.0,0.0,0.0,0.0,0.0,0.0,1.0,0.0,1.0,0.0,0.0,0.0,0.0
jacob martin,13.666666666666666,0.0,0.0,0.0,0.0,0.0,0.3333333333333333,0.3333333333333333,0.0,0.0,0.0,0.0,2.5,12.0,7.0,5.0,2.0,4.666666666666667,0.0,0.0
jacob tuioti-mariner,6.0,0.0,0.0,0.0,0.0,0.0,1.0,0.0,0.0,0.0,0.0,0.0,2.0,9.0,5.0,4.0,2.0,2.0,0.0,0.0
jaden crumedy,5.0,0.0,0.0,0.0,0.0,0.0,0.0,0.0,0.0,0.0,0.0,0.0,0.5,13.0,4.0,9.0,0.0,1.0,0.0,0.0
jaleel johnson,11.0,1.6666666666666667,0.0,0.0,0.0,0.0,0.0,0.0,0.0,0.6666666666666666,0.0,0.0,0.6666666666666666,20.666666666666668,11.0,9.666666666666666,0.6666666666666666,1.3333333333333333,0.0,0.0
jalen carter,16.0,1.0,0.0,0.0,0.0,0.0,0.0,2.0,0.0,1.0,42.0,1.0,6.0,33.0,20.0,13.0,8.0,9.0,0.0,4.0
jalen dalton,7.0,0.0,0.0,0.0,0.0,0.0,0.0,0.0,0.0,0.0,0.0,0.0,0.0,13.0,8.0,5.0,1.0,0.0,0.0,0.0
jalen harris,5.0,0.0,0.0,0.0,0.0,0.0,1.0,0.0,0.0,0.0,0.0,0.0,0.0,6.0,5.0,1.0,0.0,1.0,0.0,0.0
jalen redmond,13.0,2.0,0.0,0.0,0.0,0.0,2.0,0.0,0.0,0.0,0.0,0.0,1.0,18.0,10.0,8.0,6.0,1.0,0.0,0.0
jalyn holmes,7.5,0.25,0.0,0.0,0.0,0.0,0.25,0.0,0.0,0.0,0.0,0.0,0.75,10.0,5.5,4.5,2.25,1.0,0.0,0.0
james lynch,15.0,1.0,0.0,0.0,0.0,0.0,0.6666666666666666,0.0,0.0,0.3333333333333333,0.0,0.0,0.6666666666666666,23.333333333333332,11.666666666666666,11.666666666666666,1.6666666666666667,1.0,0.0,0.0
james smith-williams,11.5,6.0,0.0,0.0,0.0,0.0,0.0,0.0,0.0,0.0,0.0,0.0,1.0,23.0,11.5,11.5,4.5,5.0,0.0,0.0
janarius robinson,8.0,1.5,0.0,0.0,0.0,0.0,0.5,0.0,0.0,0.0,0.0,0.0,0.75,6.5,3.5,3.0,0.5,2.0,0.0,0.0
jaquelin roy,9.0,1.0,0.0,0.0,0.0,0.0,0.0,0.0,0.0,0.0,0.0,0.0,1.0,12.5,7.5,5.0,2.0,1.5,0.0,0.0
jarran reed,16.0,16.0,0.0,0.0,0.0,0.0,2.0,1.0,0.0,1.0,0.0,0.0,7.0,54.0,27.0,27.0,7.0,12.0,0.0,0.0
jason pierre-paul,1.0,0.0,0.0,0.0,0.0,0.0,0.0,0.0,0.0,0.0,0.0,0.0,0.0,2.0,1.0,1.0,0.0,0.0,0.0,0.0
javon hargrave,9.5,9.5,0.0,0.0,0.0,0.0,1.0,0.0,0.0,0.0,0.0,0.0,4.0,25.5,14.5,11.0,4.5,7.5,0.0,3.0
javon kinlaw,10.5,5.0,0.0,0.0,0.0,0.0,1.5,0.0,0.0,0.0,0.0,0.0,1.75,16.5,7.0,9.5,2.0,3.5,0.0,0.0
javon solomon,14.0,0.0,0.0,0.0,0.0,0.0,0.0,1.0,0.0,1.0,0.0,0.0,2.0,13.0,9.0,4.0,3.0,6.0,0.0,0.0
javontae jean-baptiste,12.0,1.0,0.0,0.0,0.0,0.0,0.0,0.0,0.0,0.0,0.0,0.0,1.0,13.0,6.0,7.0,1.0,2.0,0.0,0.0
jay tufele,8.5,1.25,0.0,0.0,0.0,0.0,0.25,0.0,0.0,0.0,0.0,0.0,0.125,11.0,4.0,7.0,0.75,1.0,0.0,0.0
jayden peevy,4.0,0.0,0.0,0.0,0.0,0.0,1.0,1.0,0.0,0.0,0.0,0.0,1.5,6.0,2.0,4.0,1.0,3.0,0.0,0.0
jaylon ferguson,10.0,0.0,0.0,0.0,0.0,0.0,0.0,0.0,0.0,0.0,0.0,0.0,0.0,6.0,3.0,3.0,0.0,3.0,0.0,0.0
jeff gunter,10.0,0.0,0.0,0.0,0.0,0.0,0.0,0.0,0.0,0.0,0.0,0.0,0.0,1.0,0.0,1.0,0.0,0.0,0.0,0.0
jeffery simmons,15.0,15.0,0.0,0.0,0.0,0.0,4.5,1.0,0.0,0.75,0.5,0.0,6.625,57.0,34.5,22.5,10.5,12.5,0.0,7.0
jeremiah ledbetter,16.0,2.5,0.0,0.0,0.0,0.0,0.5,0.0,0.0,0.5,0.0,0.0,1.0,31.0,13.5,17.5,4.5,2.5,0.0,0.0
jeremiah pharms,14.0,2.5,0.0,0.0,0.0,0.0,0.0,0.0,0.0,0.5,0.0,0.0,1.0,21.0,10.0,11.0,2.0,2.5,0.0,0.0
jermaine johnson ii,14.0,0.0,0.0,0.0,0.0,0.0,0.0,0.0,0.0,0.0,0.0,0.0,2.5,29.0,18.0,11.0,3.0,5.0,1.0,0.0
jerry hughes,12.0,1.0,0.0,0.0,0.0,0.0,0.0,0.5,0.0,0.0,0.0,0.0,1.5,18.5,13.0,5.5,2.0,1.5,0.0,0.0
jerry tillery,15.0,4.0,0.0,0.0,0.0,0.0,0.0,1.0,0.0,0.0,0.0,0.0,1.0,18.0,13.0,5.0,0.0,4.0,0.0,0.0
jessie lemonier,7.0,2.0,0.0,0.0,0.0,0.0,0.0,0.0,0.0,0.0,0.0,0.0,1.5,15.0,8.0,7.0,1.0,3.0,0.0,0.0
jihad ward,17.0,1.0,0.0,0.0,0.0,0.0,0.0,0.0,0.0,0.0,0.0,0.0,2.0,32.0,10.0,22.0,3.0,7.0,0.0,0.0
joe gaziano,6.0,0.25,0.0,0.0,0.0,0.0,0.25,0.0,0.0,0.0,0.0,0.0,0.25,6.5,4.25,2.25,0.5,0.75,0.0,0.0
joe jackson,12.0,0.0,0.0,0.0,0.0,0.0,0.0,0.0,0.0,0.0,0.0,0.0,1.5,16.0,9.0,7.0,3.0,3.0,0.0,0.0
john cominsky,10.0,5.5,0.0,0.0,0.0,0.0,0.5,0.0,0.0,0.0,0.0,0.0,1.0,19.0,8.0,11.0,1.5,4.0,0.0,0.0
john franklin-myers,17.0,17.0,0.0,0.0,0.0,0.0,3.0,0.0,0.0,0.0,0.0,0.0,3.5,33.0,15.0,18.0,6.0,14.0,0.0,0.0
john jenkins,13.333333333333334,6.333333333333333,0.0,0.0,0.0,0.0,1.3333333333333333,0.0,0.0,0.3333333333333333,14.666666666666666,0.3333333333333333,0.3333333333333333,32.333333333333336,14.0,18.333333333333332,1.3333333333333333,1.0,0.0,0.0
john penisini,16.0,0.0,0.0,0.0,0.0,0.0,1.0,0.0,0.0,0.0,0.0,0.0,0.0,14.0,4.0,10.0,0.0,1.0,0.0,0.0
john ridgeway,15.0,2.0,0.0,0.0,0.0,0.0,1.0,0.3333333333333333,0.0,0.0,0.0,0.0,0.0,23.333333333333332,11.0,12.333333333333334,0.3333333333333333,0.0,0.0,0.0
johnathan hankins,13.666666666666666,8.666666666666666,0.3333333333333333,0.0,0.0,0.0,1.3333333333333333,0.0,0.0,0.0,0.0,0.0,1.3333333333333333,25.666666666666668,11.666666666666666,14.0,2.6666666666666665,2.0,0.0,0.0
jonah laulu,17.0,7.0,0.0,0.0,0.0,0.0,3.0,0.0,0.0,0.0,0.0,0.0,1.0,35.0,15.0,20.0,3.0,2.0,0.0,0.0
jonah williams,11.75,5.5,0.0,0.0,0.0,0.0,0.25,0.0,0.0,0.0,0.0,0.0,0.625,20.0,8.25,11.75,1.25,2.0,0.0,0.0
jonathan allen,12.0,11.5,0.0,0.0,0.0,0.0,0.5,0.0,0.0,0.0,0.0,0.0,4.25,36.0,23.0,13.0,6.5,13.0,0.0,0.0
jonathan bullard,13.0,9.0,0.0,0.0,0.0,0.0,0.5,0.5,0.0,0.0,0.0,0.0,1.0,32.5,16.0,16.5,1.5,1.5,0.0,0.0
jonathan ford,4.0,0.0,0.0,0.0,0.0,0.0,0.0,0.0,0.0,0.0,0.0,0.0,0.0,9.0,3.0,6.0,1.0,0.0,0.0,0.0
jonathan garvin,15.0,0.5,0.0,0.0,0.0,0.0,1.0,0.0,0.0,0.0,0.0,0.0,0.75,13.5,7.5,6.0,0.5,3.5,0.0,0.0
jonathan greenard,8.0,4.0,1.0,39.0,1.0,39.0,1.0,0.0,0.0,1.0,0.0,0.0,1.5,16.0,9.0,7.0,6.0,4.0,0.0,0.0
jonathan harris,8.75,2.25,0.0,0.0,0.0,0.0,0.0,0.0,0.0,0.25,0.0,0.0,0.25,20.75,12.5,8.25,1.75,1.75,0.0,0.0
jonathan ledbetter,13.0,7.5,0.0,0.0,0.0,0.0,0.0,0.0,0.0,0.0,0.0,0.0,1.25,34.0,15.5,18.5,1.5,3.0,0.0,0.0
jonathan marshall,4.0,0.0,0.0,0.0,0.0,0.0,0.0,0.0,0.0,0.0,0.0,0.0,0.0,2.0,1.0,1.0,0.0,1.0,0.0,0.0
jordan davis,15.0,11.0,0.0,0.0,0.0,0.0,1.0,0.5,0.0,0.0,0.0,0.0,1.25,31.5,13.0,18.5,1.5,2.5,0.0,0.0
jordan elliott,16.5,8.5,0.0,0.0,0.0,0.0,1.0,0.0,0.0,0.0,0.0,0.0,1.5,23.5,12.0,11.5,1.5,3.5,0.0,0.0
jordan jackson,17.0,0.0,0.0,0.0,0.0,0.0,0.0,1.0,0.0,0.0,0.0,0.0,1.0,17.0,4.0,13.0,1.0,2.0,0.0,0.0
jordan jefferson,8.0,0.0,0.0,0.0,0.0,0.0,1.0,0.0,0.0,0.0,0.0,0.0,1.0,12.0,5.0,7.0,1.0,1.0,0.0,0.0
jordan phillips,11.666666666666666,3.3333333333333335,0.3333333333333333,0.6666666666666666,0.0,0.6666666666666666,2.6666666666666665,0.0,0.0,0.0,0.0,0.0,1.3333333333333333,13.666666666666666,7.666666666666667,6.0,1.6666666666666667,4.333333333333333,0.0,0.0
jordan willis,9.0,0.0,0.0,0.0,0.0,0.0,0.0,1.0,0.0,1.0,0.0,0.0,2.0,12.0,6.0,6.0,3.0,4.0,0.0,0.0
jordon riley,10.5,2.5,0.0,0.0,0.0,0.0,0.0,0.0,0.0,0.0,0.0,0.0,0.0,10.0,5.5,4.5,2.0,0.5,0.0,0.0
joseph ossai,15.666666666666666,1.0,0.0,0.0,0.0,0.0,1.0,0.6666666666666666,0.0,0.6666666666666666,0.0,0.3333333333333333,3.1666666666666665,24.333333333333332,12.666666666666666,11.666666666666666,2.3333333333333335,10.666666666666666,0.0,0.0
josh mauro,5.0,1.0,0.0,0.0,0.0,0.0,0.0,0.0,0.0,0.0,0.0,0.0,1.0,3.0,1.0,2.0,1.0,1.0,0.0,0.0
josh paschal,11.0,4.0,0.0,0.0,0.0,0.0,0.5,0.0,0.0,0.5,0.0,0.0,1.5,20.5,13.5,7.0,3.5,3.5,0.0,0.0
josh sweat,17.0,17.0,0.0,0.0,0.0,0.0,1.0,2.0,0.0,0.0,0.0,0.0,6.5,43.0,30.0,13.0,7.0,23.0,0.0,0.0
josh tupou,15.5,5.0,0.0,0.0,0.0,0.0,0.0,0.0,0.0,0.0,0.0,0.0,0.0,15.5,5.5,10.0,0.5,1.0,0.0,0.0
joshua pryor,7.0,0.0,0.0,0.0,0.0,0.0,0.0,0.0,0.0,0.0,0.0,0.0,0.0,1.0,1.0,0.0,0.0,0.0,0.0,0.0
joshua uche,13.0,1.0,0.0,0.0,0.0,0.0,0.0,0.0,0.0,0.0,0.0,0.0,2.0,23.0,17.0,6.0,2.0,3.0,0.0,0.0
josiah bronson,7.0,0.0,0.0,0.0,0.0,0.0,0.0,0.0,0.0,0.0,0.0,0.0,0.0,12.0,8.0,4.0,1.0,1.0,0.0,0.0
jowon briggs,6.0,0.0,0.0,0.0,0.0,0.0,0.0,0.0,0.0,1.0,0.0,0.0,0.0,13.0,3.0,10.0,1.0,2.0,0.0,0.0
justin eboigbe,5.0,0.0,0.0,0.0,0.0,0.0,0.0,0.0,0.0,0.0,0.0,0.0,0.0,2.0,1.0,1.0,0.0,0.0,0.0,0.0
justin ellis,17.0,4.0,0.0,0.0,0.0,0.0,0.0,0.0,0.0,0.0,0.0,0.0,1.0,22.0,5.0,17.0,2.0,1.0,0.0,0.0
justin hamilton,9.0,0.0,0.0,0.0,0.0,0.0,0.0,0.0,0.0,0.0,0.0,0.0,0.0,10.0,6.0,4.0,1.0,2.0,0.0,0.0
justin jones,3.0,3.0,0.0,0.0,0.0,0.0,0.0,0.0,0.0,1.0,0.0,0.0,0.0,4.0,3.0,1.0,1.0,1.0,0.0,0.0
justin lawler,3.0,0.0,0.0,0.0,0.0,0.0,0.0,0.0,0.0,0.0,0.0,0.0,0.0,1.0,0.0,1.0,0.0,0.0,0.0,0.0
justin zimmer,6.0,0.0,0.0,0.0,0.0,0.0,0.0,0.0,0.0,0.0,0.0,0.0,1.0,8.0,2.0,6.0,2.0,4.0,0.0,0.0
k'lavon chaisson,15.0,4.0,1.0,0.0,0.0,0.0,2.0,1.0,0.0,0.0,0.0,0.0,5.0,32.0,19.0,13.0,7.0,8.0,0.0,0.0
kahlil mckenzie,5.0,0.0,0.0,0.0,0.0,0.0,0.0,0.0,0.0,0.0,0.0,0.0,0.0,4.0,1.0,3.0,0.0,0.0,0.0,0.0
kalia davis,8.0,0.0,0.5,1.0,0.0,1.0,0.5,0.0,0.0,0.0,0.0,0.0,0.5,6.5,3.5,3.0,0.5,0.5,0.0,0.0
kameron cline,3.0,0.0,0.0,0.0,0.0,0.0,0.0,0.0,0.0,0.0,0.0,0.0,0.0,1.0,1.0,0.0,0.0,0.0,0.0,0.0
karl brooks,17.0,0.0,0.0,0.0,0.0,0.0,3.0,1.0,0.0,2.5,0.0,0.0,3.75,22.0,13.0,9.0,5.0,5.5,0.0,0.0
keeanu benton,17.0,9.0,0.0,0.0,0.0,0.0,2.0,2.0,0.0,0.0,0.0,0.0,1.0,36.0,16.0,20.0,1.0,8.0,0.0,0.0
keion white,16.0,4.0,0.0,0.0,0.0,0.0,3.0,0.0,0.0,0.0,0.0,0.0,1.0,26.0,12.0,14.0,3.0,5.0,0.0,0.0
kemoko turay,3.0,0.0,0.0,0.0,0.0,0.0,0.0,0.0,0.0,0.0,0.0,0.0,0.0,1.0,1.0,0.0,0.0,0.0,0.0,0.0
kendal vickers,3.6666666666666665,0.0,0.0,0.0,0.0,0.0,0.0,0.0,0.0,0.0,0.0,0.0,0.0,4.666666666666667,2.0,2.6666666666666665,0.0,0.0,0.0,0.0
kenny clark,17.0,17.0,0.0,0.0,0.0,0.0,3.0,2.0,0.0,0.0,0.0,0.0,7.5,44.0,22.0,22.0,9.0,16.0,0.0,6.0
kenny willekes,6.0,0.0,0.0,0.0,0.0,0.0,1.0,0.0,0.0,0.0,0.0,0.0,2.5,18.0,11.0,7.0,2.0,7.0,0.0,0.0
kentavius street,15.0,2.0,0.0,0.0,0.0,0.0,0.5,0.25,0.0,0.25,0.0,0.0,2.125,22.25,12.0,10.25,4.75,3.75,0.0,0.0
keondre coburn,15.0,1.0,0.0,0.0,0.0,0.0,0.0,0.0,0.0,0.0,0.0,0.0,0.0,14.0,7.0,7.0,0.0,0.0,0.0,0.0
kerry hyder,11.0,0.5,0.0,0.0,0.0,0.0,1.5,0.0,0.0,0.5,0.0,0.0,1.0,11.0,6.5,4.5,1.5,2.5,0.0,0.0
kevin givens,12.666666666666666,0.6666666666666666,0.0,0.0,0.0,0.0,0.3333333333333333,0.3333333333333333,0.0,0.3333333333333333,0.0,0.0,1.6666666666666667,16.666666666666668,8.333333333333334,8.333333333333334,2.0,4.0,0.0,0.0
kevin strong,11.0,0.5,0.0,0.0,0.0,0.0,1.0,0.0,0.0,0.0,0.0,0.0,0.0,14.5,9.0,5.5,0.0,0.0,0.0,0.0
khalen saunders,13.333333333333334,5.666666666666667,0.0,0.0,0.0,0.0,0.6666666666666666,0.0,0.0,0.0,0.0,0.0,1.1666666666666667,37.666666666666664,16.0,21.666666666666668,1.3333333333333333,3.3333333333333335,0.0,0.0
khalid kareem,4.0,0.3333333333333333,0.0,0.0,0.0,0.0,0.3333333333333333,0.3333333333333333,0.0,0.3333333333333333,1.3333333333333333,0.0,0.0,3.6666666666666665,2.0,1.6666666666666667,0.3333333333333333,1.6666666666666667,0.0,0.0
khalil davis,13.5,0.5,0.0,0.0,0.0,0.0,1.0,0.5,0.0,0.5,0.0,0.0,1.5,22.0,11.5,10.5,5.0,4.0,0.0,0.0
khristian boyd,6.0,0.0,0.0,0.0,0.0,0.0,0.0,0.0,0.0,0.0,0.0,0.0,0.0,3.0,2.0,1.0,0.0,0.0,0.0,0.0
khyiris tonga,13.25,1.75,0.0,0.0,0.0,0.0,1.0,0.0,0.0,0.25,0.0,0.0,0.125,22.25,9.25,13.0,0.75,1.0,0.0,0.0
kingsley enagbare,17.0,7.0,0.0,0.0,0.0,0.0,0.0,2.0,0.0,0.0,0.0,0.0,4.5,39.0,18.0,21.0,6.0,8.0,0.0,0.0
kingsley jonathan,9.5,0.0,0.0,0.0,0.0,0.0,0.0,0.0,0.0,0.0,0.0,0.0,0.0,5.0,2.5,2.5,0.5,1.0,0.0,0.0
kj henry,6.0,1.5,0.0,0.0,0.0,0.0,1.0,0.0,0.0,0.0,0.0,0.0,1.25,11.0,7.5,3.5,2.5,1.5,0.0,0.0
kurt hinish,14.0,1.3333333333333333,0.0,0.0,0.0,0.0,0.3333333333333333,0.0,0.0,0.0,0.0,0.0,0.5,19.0,9.0,10.0,3.3333333333333335,1.3333333333333333,0.0,0.0
kwity paye,16.0,16.0,0.0,0.0,0.0,0.0,0.0,2.0,0.0,2.0,-5.0,0.0,8.5,52.0,31.0,21.0,8.0,9.0,0.0,0.0
kyle peko,8.5,3.5,0.0,0.0,0.0,0.0,0.5,0.25,0.0,0.0,0.0,0.0,0.5,11.25,6.25,5.0,1.25,1.75,0.0,0.0
kyle phillips,6.0,0.5,0.0,0.0,0.0,0.0,0.0,0.0,0.0,0.0,0.0,0.0,0.5,9.0,3.5,5.5,1.0,1.5,0.0,0.0
labryan ray,17.0,1.0,0.0,0.0,0.0,0.0,0.0,0.0,0.0,0.0,0.0,0.0,0.0,19.0,7.0,12.0,0.0,0.0,0.0,0.0
lacale london,7.0,0.0,0.0,0.0,0.0,0.0,0.0,0.0,0.0,1.0,0.0,0.0,0.0,13.0,6.0,7.0,2.0,0.0,0.0,0.0
laiatu latu,17.0,1.0,0.0,0.0,0.0,0.0,1.0,3.0,0.0,1.0,0.0,0.0,4.0,32.0,16.0,16.0,5.0,12.0,0.0,3.0
larrell murchison,11.333333333333334,2.6666666666666665,0.0,0.0,0.0,0.0,0.0,0.0,0.0,0.0,0.0,0.0,0.6666666666666666,10.666666666666666,5.666666666666667,5.0,1.3333333333333333,0.6666666666666666,0.0,0.0
larry ogunjobi,17.0,17.0,0.0,0.0,0.0,0.0,2.0,1.0,0.0,2.0,0.0,0.0,3.0,43.0,21.0,22.0,3.0,8.0,0.0,0.0
lawrence guy,4.0,2.0,0.0,0.0,0.0,0.0,0.0,0.0,0.0,0.0,0.0,0.0,0.0,2.0,0.0,2.0,0.0,0.0,0.0,0.0
leki fotu,10.0,4.333333333333333,0.0,0.0,0.0,0.0,1.0,0.3333333333333333,0.0,0.0,0.0,0.0,0.8333333333333334,16.666666666666668,8.0,8.666666666666666,2.3333333333333335,0.6666666666666666,0.0,0.0
leonard taylor,14.0,0.0,0.0,0.0,0.0,0.0,1.0,0.0,0.0,0.0,0.0,0.0,1.5,24.0,13.0,11.0,4.0,4.0,0.0,0.0
levi drake rodriguez,2.0,0.0,0.0,0.0,0.0,0.0,1.0,0.0,0.0,0.0,0.0,0.0,0.0,1.0,1.0,0.0,0.0,0.0,0.0,0.0
levi onwuzurike,14.0,3.3333333333333335,0.0,0.0,0.0,0.0,0.6666666666666666,0.3333333333333333,0.0,0.0,0.0,0.0,1.1666666666666667,22.666666666666668,11.666666666666666,11.0,1.3333333333333333,5.333333333333333,0.0,0.0
linval joseph,12.0,0.0,0.0,0.0,0.0,0.0,0.0,0.5,0.0,0.0,0.0,0.0,1.5,15.5,8.0,7.5,1.5,2.0,0.0,0.0
lj collier,6.333333333333333,0.3333333333333333,0.0,0.0,0.0,0.0,1.0,0.0,0.0,0.0,0.0,0.0,0.0,5.666666666666667,2.6666666666666665,3.0,0.6666666666666666,2.0,0.0,0.0
logan hall,16.5,6.5,0.0,0.0,0.0,0.0,1.0,0.0,0.0,1.0,0.0,0.0,1.5,17.0,9.0,8.0,3.5,3.5,0.0,0.0
lukas van ness,17.0,0.0,0.0,0.0,0.0,0.0,0.0,1.0,0.0,1.0,0.0,0.0,3.0,33.0,22.0,11.0,6.0,6.0,0.0,0.0
maason smith,11.0,5.0,0.0,0.0,0.0,0.0,3.0,0.0,0.0,0.0,0.0,0.0,3.0,17.0,10.0,7.0,3.0,4.0,0.0,0.0
malcolm koonce,17.0,11.0,0.0,0.0,0.0,0.0,0.0,3.0,0.0,0.0,0.0,0.0,8.0,43.0,32.0,11.0,9.0,17.0,0.0,0.0
malcolm roach,12.25,1.5,0.25,1.25,0.0,1.25,1.5,0.25,0.0,0.25,0.0,0.0,0.875,29.25,12.25,17.0,2.5,3.25,0.0,0.0
maliek collins,16.0,16.0,0.0,0.0,0.0,0.0,1.0,0.0,0.0,0.0,0.0,0.0,5.0,41.0,19.0,22.0,8.0,18.0,0.0,0.0
malik herring,8.666666666666666,0.3333333333333333,0.0,0.0,0.0,0.0,0.3333333333333333,0.3333333333333333,0.0,0.3333333333333333,0.0,0.0,0.5,9.333333333333334,5.0,4.333333333333333,1.0,2.0,0.0,0.0
manny jones,4.0,0.0,0.0,0.0,0.0,0.0,0.0,0.0,0.0,0.0,0.0,0.0,0.0,6.0,2.0,4.0,0.0,0.0,0.0,0.0
marcus davenport,3.0,2.0,0.0,0.0,0.0,0.0,0.0,0.0,0.0,0.0,0.0,0.0,1.25,4.5,2.0,2.5,1.0,4.0,0.0,0.0
margus hunt,10.0,0.0,0.0,0.0,0.0,0.0,0.0,0.0,0.0,0.0,0.0,0.0,0.0,14.0,6.0,8.0,3.0,0.0,0.0,0.0
mario addison,14.5,0.5,0.0,0.0,0.0,0.0,0.5,1.5,0.0,0.0,0.0,0.0,4.0,22.0,13.0,9.0,4.5,4.5,0.0,0.0
mario edwards,13.25,5.25,0.0,0.0,0.0,0.0,1.25,0.25,0.0,0.5,0.0,0.0,2.5,19.25,10.0,9.25,3.25,7.5,0.0,0.0
marlon davidson,8.0,2.0,0.5,1.5,0.5,1.5,0.5,0.0,0.0,0.5,0.0,0.0,1.0,15.5,9.0,6.5,1.5,1.0,0.0,0.0
marlon tuipulotu,7.5,0.5,0.0,0.0,0.0,0.0,0.0,0.0,0.0,0.25,0.0,0.0,0.75,11.75,6.0,5.75,1.25,1.0,0.0,0.0
marquan mccall,16.0,0.0,0.0,0.0,0.0,0.0,0.0,0.0,0.0,0.0,0.0,0.0,0.0,15.0,7.0,8.0,2.0,1.0,0.0,0.0
marquise copeland,8.333333333333334,3.0,0.0,0.0,0.0,0.0,0.0,0.0,0.0,0.0,0.0,0.0,0.3333333333333333,14.0,7.0,7.0,1.0,0.6666666666666666,0.0,0.0
marquiss spencer,1.0,0.0,0.0,0.0,0.0,0.0,0.0,0.0,0.0,0.0,0.0,0.0,0.0,1.0,0.0,1.0,0.0,0.0,0.0,0.0
marshawn kneeland,11.0,1.0,0.0,0.0,0.0,0.0,1.0,0.0,0.0,1.0,0.0,0.0,0.0,14.0,9.0,5.0,2.0,3.0,0.0,0.0
marvin wilson,1.0,0.0,0.0,0.0,0.0,0.0,0.0,0.0,0.0,0.0,0.0,0.0,0.0,3.5,1.5,2.0,0.0,0.0,0.0,0.0
matt dickerson,9.0,0.0,0.0,0.0,0.0,0.0,0.0,0.0,0.0,0.0,0.0,0.0,0.0,13.5,5.0,8.5,1.0,0.5,0.0,0.0
matt henningsen,17.0,0.0,0.0,0.0,0.0,0.0,1.0,0.0,0.0,0.0,0.0,0.0,0.5,20.0,9.0,11.0,1.0,1.0,0.0,0.0
matthew butler,5.0,0.3333333333333333,0.0,0.0,0.0,0.0,0.0,0.0,0.0,0.0,0.0,0.0,0.16666666666666666,5.0,1.6666666666666667,3.3333333333333335,0.0,0.3333333333333333,0.0,0.0
matthew ioannidis,16.0,6.0,0.0,0.0,0.0,0.0,0.0,0.0,0.0,0.0,0.0,0.0,2.5,38.0,16.0,22.0,3.0,11.0,0.0,0.0
maurice hurst jr,7.666666666666667,0.6666666666666666,0.3333333333333333,0.0,0.0,0.0,1.0,0.0,0.0,0.3333333333333333,0.0,0.0,0.6666666666666666,13.333333333333334,7.666666666666667,5.666666666666667,3.0,2.0,0.0,0.0
maxx crosby,17.0,17.0,0.0,0.0,0.0,0.0,2.0,2.0,0.0,1.0,0.0,0.0,14.5,90.0,55.0,35.0,23.0,31.0,0.0,12.0
mazi smith,17.0,3.0,0.0,0.0,0.0,0.0,0.0,0.0,0.0,0.0,0.0,0.0,1.0,13.0,9.0,4.0,3.0,3.0,0.0,0.0
mckinnley jackson,13.0,1.0,0.0,0.0,0.0,0.0,0.0,1.0,0.0,0.0,0.0,0.0,1.0,15.0,6.0,9.0,2.0,1.0,0.0,0.0
mctelvin agim,4.0,0.0,0.0,0.0,0.0,0.0,0.5,0.0,0.0,0.0,0.0,0.0,0.75,3.0,1.0,2.0,0.5,2.0,0.0,0.0
mekhi wingo,11.0,0.0,0.0,0.0,0.0,0.0,0.0,0.0,0.0,0.0,0.0,0.0,0.0,9.0,1.0,8.0,0.0,1.0,0.0,0.0
michael danna,14.5,8.0,0.0,0.0,0.0,0.0,1.5,1.0,0.0,0.0,0.0,0.0,5.75,38.5,20.5,18.0,5.0,11.5,0.0,0.0
michael dogbe,10.0,1.6666666666666667,0.0,0.0,0.0,0.0,0.0,0.0,0.0,0.3333333333333333,0.0,0.0,0.3333333333333333,18.666666666666668,9.333333333333334,9.333333333333334,0.6666666666666666,0.6666666666666666,0.0,0.0
michael dwumfour,6.0,0.5,0.0,0.0,0.0,0.0,0.0,0.0,0.0,0.5,0.0,0.0,0.25,6.5,5.0,1.5,1.0,3.0,0.0,0.0
michael hall,8.0,3.0,0.0,0.0,0.0,0.0,0.0,0.0,0.0,0.0,0.0,0.0,1.0,14.0,8.0,6.0,3.0,6.0,0.0,0.0
michael hoecht,17.0,4.5,0.0,0.0,0.0,0.0,0.0,0.5,0.0,0.0,0.0,0.0,2.25,21.5,14.5,7.0,2.0,4.5,0.0,0.0
micheal clemons,16.0,0.5,0.0,0.0,0.0,0.0,0.0,0.5,0.0,0.0,0.0,0.0,1.5,31.5,18.0,13.5,3.0,3.5,0.0,0.0
mike daniels,2.0,1.0,0.0,0.0,0.0,0.0,0.0,0.0,0.0,0.0,0.0,0.0,0.0,5.0,5.0,0.0,1.0,0.0,0.0,0.0
mike greene,6.5,1.0,0.0,0.0,0.0,0.0,0.0,0.0,0.0,0.0,0.0,0.0,0.0,4.0,1.0,3.0,0.0,0.0,0.0,0.0
mike morris,8.0,0.0,0.0,0.0,0.0,0.0,0.0,0.0,0.0,0.0,0.0,0.0,0.0,4.0,2.5,1.5,0.0,0.0,0.0,0.0
mike pennel,10.0,0.6666666666666666,0.0,0.0,0.0,0.0,0.6666666666666666,0.3333333333333333,0.0,0.3333333333333333,0.0,0.0,0.0,17.0,9.0,8.0,1.0,0.6666666666666666,0.0,0.0
mike purcell,16.0,10.0,0.0,0.0,0.0,0.0,3.0,0.0,0.0,1.0,-1.0,0.0,0.0,25.0,11.0,14.0,1.0,5.0,0.0,0.0
milton williams,16.75,4.75,0.0,0.0,0.0,0.0,1.5,0.5,0.0,0.25,0.0,0.0,2.875,33.0,16.5,16.5,6.25,7.25,0.0,0.0
montez sweat,17.0,17.0,0.0,0.0,0.0,0.0,4.0,3.0,0.0,0.0,0.0,0.0,12.5,57.0,38.0,19.0,14.0,25.0,0.0,6.0
montravius adams,11.333333333333334,4.333333333333333,0.0,0.0,0.0,0.0,1.0,0.3333333333333333,0.0,0.0,0.0,0.0,0.3333333333333333,17.666666666666668,9.0,8.666666666666666,2.0,1.3333333333333333,0.0,0.0
morgan fox,17.0,3.5,0.0,0.0,0.0,0.0,0.5,0.0,0.0,0.0,0.0,0.0,4.5,21.0,15.0,6.0,4.5,8.0,0.0,0.0
moro ojomo,12.5,0.5,0.0,0.0,0.0,0.0,0.0,0.0,0.0,0.0,0.0,0.0,0.0,11.5,4.0,7.5,0.0,2.5,0.0,0.0
myjai sanders,7.0,0.0,0.0,0.0,0.0,0.0,0.0,0.0,0.0,0.0,0.0,0.0,0.0,7.0,4.0,3.0,1.0,2.0,0.0,0.0
myles adams,7.5,0.25,0.0,0.0,0.0,0.0,0.25,0.0,0.0,0.0,0.0,0.0,0.5,8.5,3.0,5.5,0.75,1.25,0.0,0.0
myles cole,8.0,0.0,0.0,0.0,0.0,0.0,0.0,0.0,0.0,0.0,0.0,0.0,0.0,8.0,4.0,4.0,1.0,0.0,0.0,0.0
myles garrett,16.0,16.0,0.0,0.0,0.0,0.0,3.0,4.0,0.0,1.0,1.0,0.0,14.0,42.0,33.0,9.0,17.0,30.0,0.0,10.0
myles murphy,15.0,0.0,0.0,0.0,0.0,0.0,0.5,0.0,0.0,0.0,0.0,0.0,1.5,20.0,10.5,9.5,2.0,3.5,0.0,0.0
naquan jones,11.666666666666666,1.0,0.0,0.0,0.0,0.0,0.6666666666666666,0.0,0.0,0.0,0.0,0.0,1.3333333333333333,20.0,6.666666666666667,13.333333333333334,2.3333333333333335,2.0,0.0,0.0
nathan shepherd,17.0,7.0,0.0,0.0,0.0,0.0,0.0,0.0,0.0,0.0,0.0,0.0,1.6666666666666667,37.0,20.0,17.0,2.6666666666666665,7.333333333333333,0.0,0.0
ndamukong suh,8.0,0.0,0.0,0.0,0.0,0.0,0.0,0.0,0.0,0.0,0.0,0.0,1.0,10.0,4.0,6.0,0.0,2.0,0.0,0.0
neil farrell,6.333333333333333,0.0,0.0,0.0,0.0,0.0,0.3333333333333333,0.0,0.0,0.0,0.0,0.0,0.0,5.0,1.6666666666666667,3.3333333333333335,0.6666666666666666,1.0,0.0,0.0
nesta jade silvera,4.5,0.0,0.0,0.0,0.0,0.0,0.0,0.0,0.0,0.0,0.0,0.0,0.0,5.0,1.5,3.5,0.0,0.0,0.0,0.0
neville gallimore,12.666666666666666,1.6666666666666667,0.0,0.0,0.0,0.0,0.6666666666666666,0.0,0.0,0.0,0.0,0.0,1.1666666666666667,20.666666666666668,9.666666666666666,11.0,2.3333333333333335,1.6666666666666667,0.0,0.0
nick bosa,17.0,17.0,0.0,0.0,0.0,0.0,4.0,2.0,0.0,1.0,-3.0,0.0,10.5,53.0,34.0,19.0,16.0,35.0,0.0,6.0
nick thurman,9.0,1.3333333333333333,0.0,0.0,0.0,0.0,0.0,0.0,0.0,0.0,0.0,0.0,0.0,17.0,6.666666666666667,10.333333333333334,1.0,0.6666666666666666,0.0,0.0
nick williams,11.0,6.5,0.0,0.0,0.0,0.0,1.0,0.0,0.0,1.0,0.0,0.0,0.5,23.5,10.5,13.0,3.5,1.5,0.0,0.0
nnamdi madubuike,17.0,16.666666666666668,0.0,0.0,0.0,0.0,1.3333333333333333,0.6666666666666666,0.0,0.0,0.0,0.0,8.333333333333334,47.0,28.333333333333332,18.666666666666668,10.333333333333334,19.666666666666668,0.0,6.333333333333333
odafe oweh,15.0,2.0,0.0,0.0,0.0,0.0,1.0,3.0,0.0,2.0,0.0,0.0,5.0,33.0,23.0,10.0,5.0,15.0,0.0,0.0
ogbonnia okoronkwo,15.0,2.5,0.0,0.0,0.0,0.0,0.5,0.5,0.0,0.5,0.0,0.0,3.75,27.0,18.5,8.5,8.5,7.0,0.0,0.0
olakunle fatukasi,13.0,0.0,0.0,0.0,0.0,0.0,0.0,0.0,0.0,0.0,0.0,0.0,0.0,6.0,4.0,2.0,0.0,0.0,0.0,0.0
osa odighizuwa,17.0,17.0,0.0,0.0,0.0,0.0,0.0,0.0,0.0,0.0,0.0,0.0,3.0,46.0,26.0,20.0,9.0,13.0,0.0,0.0
oshane ximines,10.0,0.0,0.0,0.0,0.0,0.0,3.0,0.0,0.0,0.0,0.0,0.0,0.0,13.0,4.0,9.0,0.0,2.0,0.0,0.0
otito ogbonnia,7.5,1.5,0.0,0.0,0.0,0.0,0.0,0.0,0.0,0.0,0.0,0.0,0.0,17.5,11.5,6.0,0.5,1.0,0.0,0.0
pat o'connor,13.25,0.0,0.0,0.0,0.0,0.0,0.0,0.0,0.0,0.0,0.0,0.0,0.375,8.0,3.0,5.0,1.5,1.0,0.25,0.0
patrick johnson,16.5,1.0,0.0,0.0,0.0,0.0,0.0,0.5,0.0,0.5,0.0,0.0,0.0,14.0,9.0,5.0,0.5,1.5,0.0,0.0
patrick jones ii,9.0,0.0,0.0,0.0,0.0,0.0,0.0,0.0,0.0,0.0,0.0,0.0,0.0,7.0,4.0,3.0,0.0,0.0,0.0,0.0
payton turner,7.75,0.0,0.0,0.0,0.0,0.0,1.0,0.5,0.0,0.25,0.0,0.0,1.25,12.5,7.5,5.0,2.75,2.75,0.0,0.0
pernell mcphee,10.0,0.0,0.0,0.0,0.0,0.0,0.0,0.0,0.0,0.0,0.0,0.0,1.0,14.0,11.0,3.0,2.0,3.0,0.0,0.0
perrion winfrey,7.0,0.0,0.0,0.0,0.0,0.0,1.0,0.0,0.0,0.0,0.0,0.0,0.25,12.5,4.5,8.0,0.5,1.0,0.0,0.0
phidarian mathis,11.0,0.0,0.0,0.0,0.0,0.0,0.5,0.0,0.0,0.5,0.0,0.0,0.0,12.5,5.0,7.5,1.0,0.5,0.0,0.0
phil hoskins,4.333333333333333,0.3333333333333333,0.0,0.0,0.0,0.0,0.0,0.0,0.0,0.0,0.0,0.0,0.3333333333333333,4.666666666666667,2.0,2.6666666666666665,0.3333333333333333,0.3333333333333333,0.0,0.0
pj mustipher,4.0,0.0,0.0,0.0,0.0,0.0,0.0,0.0,0.0,0.0,0.0,0.0,0.0,4.0,1.0,3.0,0.0,0.0,0.0,0.0
poona ford,8.0,0.0,0.0,0.0,0.0,0.0,0.0,0.0,0.0,0.0,0.0,0.0,1.0,9.0,5.0,4.0,1.0,3.0,0.0,0.0
porter gustin,6.0,1.0,0.0,0.0,0.0,0.0,0.0,0.0,0.0,1.0,-6.0,0.0,0.0,9.0,6.0,3.0,0.0,0.0,0.0,0.0
prince emili,2.0,0.0,0.0,0.0,0.0,0.0,1.0,0.0,0.0,0.0,0.0,0.0,0.0,3.0,0.0,3.0,0.0,0.0,0.0,0.0
quinnen williams,17.0,17.0,1.0,6.0,0.0,6.0,3.0,1.0,0.0,1.0,0.0,0.0,5.5,62.0,39.0,23.0,11.0,20.0,1.0,6.0
quinton bohanna,10.0,2.0,0.0,0.0,0.0,0.0,0.0,0.0,0.0,0.0,0.0,0.0,0.0,10.0,4.0,6.0,1.0,0.0,0.0,0.0
quinton jefferson,14.333333333333334,5.666666666666667,0.0,0.0,0.0,0.0,0.6666666666666666,0.3333333333333333,0.0,0.3333333333333333,-3.3333333333333335,0.0,4.5,25.666666666666668,11.666666666666666,14.0,4.333333333333333,10.0,0.0,0.0
raekwon davis,17.0,3.5,0.0,0.0,0.0,0.0,0.5,0.0,0.0,0.0,0.0,0.0,0.25,21.5,11.0,10.5,1.5,3.0,0.0,0.0
raequan williams,1.0,1.0,0.0,0.0,0.0,0.0,0.0,0.0,0.0,0.0,0.0,0.0,0.0,2.0,1.0,1.0,0.0,0.0,0.0,0.0
rakeem nunez-roches,16.0,4.0,0.0,0.0,0.0,0.0,1.0,0.0,0.0,0.0,0.0,0.0,0.5,26.0,14.0,12.0,1.0,1.0,0.0,0.0
randy gregory,6.0,3.0,0.0,0.0,0.0,0.0,0.0,2.0,0.0,0.0,0.0,0.0,2.0,12.0,7.0,5.0,2.0,7.0,0.0,0.0
rashad weaver,2.0,0.0,0.0,0.0,0.0,0.0,0.0,0.0,0.0,0.0,0.0,0.0,0.0,2.0,0.0,2.0,0.0,0.0,0.0,0.0
rasheem green,17.0,0.0,0.0,0.0,0.0,0.0,0.0,0.0,0.0,0.0,0.0,0.0,2.0,15.0,8.0,7.0,2.0,5.0,0.0,0.0
raymond johnson,15.0,0.0,0.0,0.0,0.0,0.0,0.0,0.0,0.0,0.0,0.0,0.0,1.0,4.0,3.0,1.0,1.0,1.0,0.0,0.0
rayshad nichols,1.0,0.0,0.0,0.0,0.0,0.0,0.0,0.0,0.0,0.0,0.0,0.0,0.0,4.0,1.0,3.0,0.0,0.0,0.0,0.0
renell wren,1.0,0.0,0.0,0.0,0.0,0.0,0.0,0.0,0.0,0.0,0.0,0.0,0.0,1.0,0.0,1.0,0.0,0.0,0.0,0.0
robert beal,9.0,0.0,0.0,0.0,0.0,0.0,0.0,0.0,0.0,0.0,0.0,0.0,0.5,11.0,6.5,4.5,0.5,0.5,0.0,0.0
robert nkemdiche,9.0,0.0,0.0,0.0,0.0,0.0,1.0,0.0,0.0,0.0,0.0,0.0,0.0,15.0,7.0,8.0,0.0,1.0,0.0,0.0
roderick perry,2.0,0.0,0.0,0.0,0.0,0.0,0.0,0.0,0.0,0.0,0.0,0.0,0.0,2.0,1.0,1.0,0.0,0.0,0.0,0.0
romeo okwara,8.333333333333334,1.3333333333333333,0.0,0.0,0.0,0.0,0.6666666666666666,0.3333333333333333,0.0,0.0,0.0,0.0,1.6666666666666667,7.666666666666667,3.0,4.666666666666667,1.3333333333333333,3.0,0.0,0.0
ronald blair,8.0,3.0,0.0,0.0,0.0,0.0,0.0,0.0,0.0,1.0,0.0,0.0,1.0,28.0,12.0,16.0,4.0,4.0,0.0,0.0
ross blacklock,9.333333333333334,0.6666666666666666,0.0,0.0,0.0,0.0,0.6666666666666666,0.3333333333333333,0.0,0.0,0.0,0.0,1.0,8.666666666666666,5.666666666666667,3.0,1.3333333333333333,2.3333333333333335,0.0,0.0
roy lopez,14.0,5.0,0.0,0.0,0.0,0.0,0.0,0.0,0.0,0.0,0.0,0.0,0.0,42.0,22.0,20.0,2.0,1.0,0.0,0.0
roy robertson-harris,17.0,9.5,0.0,0.0,0.0,0.0,1.0,0.0,0.0,0.0,0.0,0.0,2.75,27.0,13.0,14.0,3.5,8.0,0.0,0.0
ruke orhorhoro,8.0,0.0,0.0,0.0,0.0,0.0,0.0,0.0,0.0,0.0,0.0,0.0,0.0,11.0,4.0,7.0,1.0,1.0,0.0,0.0
ryan kerrigan,16.0,2.0,0.0,0.0,0.0,0.0,0.0,0.0,0.0,0.0,0.0,0.0,0.0,3.0,3.0,0.0,1.0,2.0,0.0,0.0
ryder anderson,7.0,2.0,0.0,0.0,0.0,0.0,0.0,0.0,0.0,0.0,0.0,0.0,2.0,8.0,4.0,4.0,2.0,2.0,0.0,0.0
sam hubbard,15.0,15.0,0.0,0.0,0.0,0.0,0.0,0.0,0.0,2.0,0.0,0.0,6.0,58.0,38.0,20.0,7.0,17.0,0.0,0.0
sam kamara,7.0,0.3333333333333333,0.0,0.0,0.0,0.0,0.3333333333333333,0.0,0.0,0.0,0.0,0.0,0.0,10.666666666666666,7.0,3.6666666666666665,1.0,0.0,0.0,0.0
sam okuayinonu,11.0,1.5,0.0,0.0,0.0,0.0,0.5,0.5,0.0,0.0,0.0,0.0,1.75,23.0,14.0,9.0,3.0,4.0,0.0,0.0
sam roberts,5.0,0.3333333333333333,0.0,0.0,0.0,0.0,0.0,0.0,0.0,0.0,0.0,0.0,0.0,2.6666666666666665,1.0,1.6666666666666667,0.0,0.0,0.0,0.0
sam williams,16.0,0.0,0.0,0.0,0.0,0.0,0.5,1.0,0.0,1.5,0.0,0.0,4.25,24.0,15.0,9.0,7.5,8.0,0.5,2.5
samson ebukam,17.0,17.0,0.0,0.0,0.0,0.0,1.0,3.0,0.0,0.0,0.0,0.0,9.5,57.0,39.0,18.0,10.0,17.0,0.0,0.0
scott matlock,12.0,0.0,0.0,0.0,0.0,0.0,0.0,0.0,0.0,0.0,0.0,0.0,0.0,15.0,6.0,9.0,1.0,1.0,0.0,0.0
shaka toney,16.0,0.0,0.0,0.0,0.0,0.0,0.0,0.0,0.0,0.0,0.0,0.0,0.0,8.0,4.0,4.0,1.0,0.0,0.0,0.0
shamar stephen,17.0,0.0,0.0,0.0,0.0,0.0,2.0,0.0,0.0,0.0,0.0,0.0,0.0,34.0,12.0,22.0,0.0,3.0,0.0,0.0
shaq lawson,16.0,1.0,0.0,0.0,0.0,0.0,0.0,0.0,0.0,0.0,0.0,0.0,1.0,13.0,7.0,6.0,2.0,7.0,0.0,0.0
shelby harris,17.0,7.0,0.0,0.0,0.0,0.0,5.0,1.0,0.0,0.0,0.0,0.0,1.5,28.0,17.0,11.0,6.0,3.0,0.0,0.0
sheldon day,8.333333333333334,0.6666666666666666,0.0,0.0,0.0,0.0,1.0,0.0,0.0,0.3333333333333333,1.6666666666666667,0.0,0.3333333333333333,17.666666666666668,7.333333333333333,10.333333333333334,1.0,0.6666666666666666,0.0,0.0
sheldon rankins,12.666666666666666,8.333333333333334,0.0,0.0,0.0,0.0,0.0,0.3333333333333333,0.0,1.0,4.333333333333333,0.3333333333333333,3.3333333333333335,29.0,18.0,11.0,5.0,6.0,0.0,0.0
shy tuttle,17.0,17.0,0.0,0.0,0.0,0.0,5.0,0.0,0.0,0.0,0.0,0.0,0.5,43.0,19.0,24.0,1.0,1.0,0.0,0.0
solomon byrd,1.0,0.0,0.0,0.0,0.0,0.0,1.0,0.0,0.0,0.0,0.0,0.0,0.0,2.0,2.0,0.0,0.0,1.0,0.0,0.0
solomon thomas,16.75,1.0,0.0,0.0,0.0,0.0,1.25,0.75,0.0,0.25,0.0,0.0,3.125,29.25,15.0,14.25,4.25,7.0,0.0,0.0
steve mclendon,12.0,0.0,1.0,0.0,0.0,0.0,1.0,1.0,0.0,0.0,0.0,0.0,0.5,11.0,7.0,4.0,1.0,5.0,0.0,0.0
ta'quon graham,12.5,1.0,0.0,0.0,0.0,0.0,0.0,0.5,0.0,0.0,0.0,0.0,0.5,17.5,6.0,11.5,0.5,1.5,0.0,0.0
taco charlton,8.0,0.5,0.0,0.0,0.0,0.0,0.5,0.0,0.0,0.0,0.0,0.0,0.25,10.5,4.0,6.5,0.0,1.0,0.0,0.0
taki taimani,7.0,0.0,0.0,0.0,0.0,0.0,0.0,0.0,0.0,0.0,0.0,0.0,0.0,3.0,1.0,2.0,0.0,0.0,0.0,0.0
takkarist mckinley,7.333333333333333,0.6666666666666666,0.0,0.0,0.0,0.0,0.0,0.3333333333333333,0.0,0.0,0.0,0.0,1.0,9.333333333333334,4.666666666666667,4.666666666666667,1.3333333333333333,3.3333333333333335,0.0,0.0
tanoh kpassagnon,11.666666666666666,1.6666666666666667,0.0,0.0,0.0,0.0,0.6666666666666666,0.0,0.0,0.0,0.0,0.0,1.8333333333333333,16.0,9.333333333333334,6.666666666666667,2.3333333333333335,5.333333333333333,0.0,0.0
tanzel smart,3.5,0.0,0.0,0.0,0.0,0.0,0.0,0.0,0.0,0.0,0.0,0.0,0.0,3.5,1.5,2.0,0.0,0.0,0.0,0.0
tarron jackson,17.0,0.0,0.0,0.0,0.0,0.0,0.0,1.0,0.0,0.0,0.0,0.0,1.0,18.0,11.0,7.0,2.0,1.0,0.0,0.0
tashawn bower,6.0,0.0,0.0,0.0,0.0,0.0,0.0,0.0,0.0,0.0,0.0,0.0,0.5,2.5,1.0,1.5,0.5,0.5,0.0,0.0
taven bryan,16.333333333333332,4.333333333333333,0.0,0.0,0.0,0.0,0.3333333333333333,0.3333333333333333,0.0,0.3333333333333333,0.0,0.0,1.6666666666666667,19.0,11.0,8.0,3.6666666666666665,3.6666666666666665,0.0,0.0
taylor stallworth,11.5,0.5,0.0,0.0,0.0,0.0,0.5,0.0,0.0,0.0,0.0,0.0,1.5,12.0,7.0,5.0,2.5,6.0,0.0,0.0
teair tart,15.0,4.5,0.5,2.0,0.0,2.0,1.0,0.5,0.5,0.5,0.0,0.0,1.0,26.5,16.0,10.5,6.5,4.5,0.0,0.0
tedarrell slaton,17.0,6.333333333333333,0.0,0.0,0.0,0.0,1.3333333333333333,0.0,0.0,0.0,0.0,0.0,0.3333333333333333,34.666666666666664,17.333333333333332,17.333333333333332,1.3333333333333333,1.3333333333333333,0.0,0.0
tershawn wharton,13.0,0.6666666666666666,0.3333333333333333,0.0,0.0,0.0,0.3333333333333333,0.6666666666666666,0.0,0.3333333333333333,0.0,0.0,1.6666666666666667,19.333333333333332,8.0,11.333333333333334,1.0,3.6666666666666665,0.0,0.0
thomas booker,13.5,1.0,0.0,0.0,0.0,0.0,1.0,0.0,0.0,0.0,0.0,0.0,0.75,16.5,9.5,7.0,1.5,1.5,0.0,0.0
tim settle,16.0,1.3333333333333333,0.0,0.0,0.0,0.0,0.3333333333333333,0.3333333333333333,0.0,0.6666666666666666,-2.3333333333333335,0.0,0.6666666666666666,15.333333333333334,9.0,6.333333333333333,3.0,1.3333333333333333,0.0,0.0
tim ward,11.0,0.0,0.0,0.0,0.0,0.0,2.0,0.0,0.0,0.0,0.0,0.0,0.0,12.0,5.0,7.0,0.0,0.0,0.0,0.0
timmy horne,10.0,2.5,0.0,0.0,0.0,0.0,1.0,0.0,0.0,0.0,0.0,0.0,0.0,15.5,6.5,9.0,0.0,0.5,0.0,0.0
tj smith,1.75,0.0,0.0,0.0,0.0,0.0,0.0,0.0,0.0,0.0,0.0,0.0,0.0,3.25,0.75,2.5,0.25,0.0,0.0,0.0
tk mclendon,7.0,2.0,0.0,0.0,0.0,0.0,0.0,0.0,0.0,1.0,0.0,0.0,0.0,8.0,3.0,5.0,0.0,0.0,0.0,0.0
tommy togiai,8.666666666666666,0.6666666666666666,0.0,0.0,0.0,0.0,1.3333333333333333,0.0,0.0,0.3333333333333333,0.0,0.0,0.8333333333333334,19.0,7.666666666666667,11.333333333333334,0.6666666666666666,1.6666666666666667,0.0,0.0
travis bell,2.0,0.0,0.0,0.0,0.0,0.0,0.0,0.0,0.0,0.0,0.0,0.0,0.0,2.0,2.0,0.0,0.0,0.0,0.0,0.0
travis jones,16.0,1.5,0.0,0.0,0.0,0.0,1.5,0.0,0.0,0.0,0.0,0.0,1.25,30.0,17.0,13.0,2.5,3.5,0.0,0.0
trent harris,4.0,0.0,0.0,0.0,0.0,0.0,0.0,0.0,0.0,0.0,0.0,0.0,0.0,7.0,3.0,4.0,0.0,0.0,0.0,0.0
trey hendrickson,17.0,17.0,0.0,0.0,0.0,0.0,3.0,3.0,0.0,0.0,0.0,0.0,17.5,43.0,28.0,15.0,16.0,25.0,0.0,6.0
truman jones,1.0,0.0,0.0,0.0,0.0,0.0,0.0,0.0,0.0,0.0,0.0,0.0,0.0,2.0,2.0,0.0,0.0,0.0,0.0,0.0
trysten hill,9.5,0.0,0.0,0.0,0.0,0.0,0.0,0.0,0.0,0.0,0.0,0.0,0.75,11.5,8.5,3.0,2.5,4.0,0.0,0.0
ty mcgill,3.75,0.0,0.0,0.0,0.0,0.0,0.25,0.25,0.0,0.0,0.0,0.0,0.0,3.5,1.75,1.75,0.5,1.25,0.0,0.0
tyeler davison,6.0,0.0,0.0,0.0,0.0,0.0,0.0,0.0,0.0,0.0,0.0,0.0,0.0,1.0,1.0,0.0,0.0,0.0,0.0,0.0
tyler davis,16.0,0.0,0.0,0.0,0.0,0.0,0.0,0.0,0.0,0.0,0.0,0.0,0.5,29.0,12.0,17.0,2.0,1.0,0.0,0.0
tyler lacy,15.0,0.0,0.0,0.0,0.0,0.0,1.0,0.0,0.0,0.0,0.0,0.0,0.0,12.0,5.0,7.0,1.0,3.0,0.0,0.0
tyler lancaster,16.0,3.0,0.0,0.0,0.0,0.0,0.0,0.0,0.0,0.0,0.0,0.0,0.0,31.0,15.0,16.0,3.0,0.0,0.0,0.0
tyler shelvin,3.0,0.0,0.0,0.0,0.0,0.0,0.0,0.0,0.0,0.0,0.0,0.0,0.0,4.0,1.0,3.0,0.0,0.0,0.0,0.0
tyquan lewis,10.5,2.5,0.25,2.0,0.0,2.0,1.75,0.5,0.25,0.0,0.0,0.0,2.25,19.25,12.5,6.75,4.0,6.75,0.0,0.0
tyree wilson,16.5,2.0,0.0,0.0,0.0,0.0,0.0,1.0,0.0,0.5,0.0,0.0,4.0,28.0,16.0,12.0,4.0,9.0,0.0,0.0
tyrus wheat,10.0,0.0,0.0,0.0,0.0,0.0,0.0,0.0,0.0,0.0,0.0,0.0,0.25,8.5,4.0,4.5,0.5,0.5,0.0,0.0
tyson alualu,2.0,1.0,0.0,0.0,0.0,0.0,0.0,0.0,0.0,0.0,0.0,0.0,0.0,4.0,3.0,1.0,0.0,0.0,0.0,0.0
vernon butler,5.5,0.5,0.0,0.0,0.0,0.0,0.0,0.0,0.0,0.0,0.0,0.0,0.0,7.5,4.0,3.5,0.0,0.5,0.0,0.0
victor dimukeje,14.0,0.0,0.0,0.0,0.0,0.0,0.0,0.0,0.0,0.0,0.0,0.0,0.0,3.0,0.0,3.0,0.0,1.0,0.0,0.0
vincent taylor,1.0,1.0,0.0,0.0,0.0,0.0,0.0,0.0,0.0,0.0,0.0,0.0,0.0,2.0,1.0,1.0,0.0,0.0,0.0,0.0
vinny curry,11.0,0.0,0.0,0.0,0.0,0.0,0.0,0.0,0.0,0.0,0.0,0.0,0.0,15.0,9.0,6.0,2.0,1.0,0.0,0.0
will anderson,15.0,13.0,0.0,0.0,0.0,0.0,1.0,0.0,0.0,0.0,0.0,0.0,7.0,45.0,29.0,16.0,10.0,22.0,0.0,7.0
will mcdonald,15.0,0.0,0.0,0.0,0.0,0.0,0.0,1.0,0.0,1.0,0.0,0.0,3.0,14.0,9.0,5.0,4.0,5.0,0.0,0.0
william bradley-king,2.0,0.0,0.0,0.0,0.0,0.0,0.0,0.0,0.0,0.0,0.0,0.0,0.25,3.5,0.5,3.0,0.0,0.5,0.0,0.0
william gholston,16.5,2.0,0.5,0.0,0.0,0.0,1.0,0.0,0.0,0.0,0.0,0.0,0.5,15.5,8.0,7.5,0.5,2.0,0.0,0.0
woodrow hamilton,1.0,1.0,0.0,0.0,0.0,0.0,0.0,0.0,0.0,0.0,0.0,0.0,0.0,2.0,0.0,2.0,0.0,0.0,0.0,0.0
xavier williams,1.0,0.0,0.0,0.0,0.0,0.0,0.0,0.0,0.0,0.0,0.0,0.0,0.0,1.0,0.0,1.0,0.0,0.0,0.0,0.0
yannick ngakoue,13.0,13.0,0.0,0.0,0.0,0.0,0.0,0.0,0.0,0.0,0.0,0.0,4.0,22.0,13.0,9.0,6.0,7.0,0.0,0.0
yetur gross-matos,12.333333333333334,2.6666666666666665,0.0,0.0,0.0,0.0,0.3333333333333333,0.3333333333333333,0.0,0.0,0.0,0.0,4.0,27.666666666666668,17.0,10.666666666666666,6.0,7.0,0.0,0.0
za'darius smith,8.5,8.0,0.0,0.0,0.0,0.0,1.5,0.5,0.0,0.0,0.0,0.0,2.75,14.0,9.5,4.5,4.0,10.0,0.0,0.0
zacch pickens,13.0,1.5,0.0,0.0,0.0,0.0,0.5,0.5,0.0,0.0,0.0,0.0,0.75,19.5,8.5,11.0,1.0,2.0,0.0,0.0
zach allen,15.0,15.0,0.0,0.0,0.0,0.0,4.5,0.5,0.0,0.0,0.0,0.0,5.25,53.5,25.0,28.5,9.0,22.0,0.0,0.0
zach harrison,16.5,0.5,0.0,0.0,0.0,0.0,1.5,0.0,0.0,0.0,0.0,0.0,2.0,29.5,12.0,17.5,3.5,3.0,0.5,0.0
zach kerr,7.0,0.0,0.0,0.0,0.0,0.0,0.0,0.0,0.0,0.0,0.0,0.0,0.0,6.0,2.0,4.0,0.0,0.0,0.0,0.0
zach sieler,17.0,17.0,1.0,5.0,1.0,5.0,4.0,1.0,0.0,2.0,3.0,0.0,10.0,63.0,32.0,31.0,11.0,22.0,0.0,0.0
zachary carter,14.5,3.5,0.0,0.0,0.0,0.0,1.0,0.5,0.0,0.0,0.0,0.0,0.75,22.5,9.0,13.5,0.5,2.0,0.0,0.0
zion logue,2.0,0.0,0.0,0.0,0.0,0.0,0.0,0.0,0.0,0.0,0.0,0.0,0.0,2.0,2.0,0.0,0.0,0.0,0.0,0.0
